scenario,snr,seed,window,in_dist,ml_fails,ood_score,flagged,cal_score,cal_flag
AWGN__cfo-mild,5.0,0,0,False,True,14.619017470774343,False,0.06400374352931981,False
AWGN__cfo-mild,5.0,0,1,False,True,14.741823645760588,False,0.06082076930999758,False
AWGN__cfo-mild,5.0,0,2,False,True,14.686459444411483,False,0.06254157888889311,False
AWGN__cfo-mild,5.0,0,3,False,True,14.934084457365023,False,0.05926158857345576,False
AWGN__cfo-mild,5.0,0,4,False,True,14.854122853346755,False,0.06203969812393184,False
AWGN__cfo-mild,5.0,0,5,False,True,14.985697951055398,False,0.06057912731170656,False
AWGN__cfo-mild,5.0,0,6,False,True,14.619347198835031,False,0.06252015852928161,False
AWGN__cfo-mild,5.0,0,7,False,True,14.82458928889519,False,0.059544154763221724,False
AWGN__cfo-mild,5.0,0,8,False,True,14.853384319864432,False,0.056288087487220806,False
AWGN__cfo-mild,5.0,0,9,False,True,14.65598187644831,False,0.06274238109588626,False
AWGN__cfo-mild,5.0,0,10,False,True,14.792376127815336,False,0.06267985665798192,False
AWGN__cfo-mild,5.0,0,11,False,True,14.812039405078943,False,0.06265452277660366,False
AWGN__cfo-mild,5.0,1,0,False,True,14.61609811773694,False,0.06278903877735142,False
AWGN__cfo-mild,5.0,1,1,False,True,15.805415431782437,False,0.049288627743721,False
AWGN__cfo-mild,5.0,1,2,False,True,14.838968355510843,False,0.06109818744659423,False
AWGN__cfo-mild,5.0,1,3,False,True,14.594974793502667,False,0.06441065025329595,False
AWGN__cfo-mild,5.0,1,4,False,True,14.752661774374573,False,0.0616791777610779,False
AWGN__cfo-mild,5.0,1,5,False,True,14.595735988290912,False,0.06652373051643368,False
AWGN__cfo-mild,5.0,1,6,False,True,14.91133614339934,False,0.060207884669303935,False
AWGN__cfo-mild,5.0,1,7,False,True,14.6586396614459,False,0.06099531042575834,False
AWGN__cfo-mild,5.0,1,8,False,True,14.79598811219631,False,0.0628962301015854,False
AWGN__cfo-mild,5.0,1,9,False,True,14.705290907357204,False,0.06390451657772067,False
AWGN__cfo-mild,5.0,1,10,False,True,14.92177420329337,False,0.061200859427452126,False
AWGN__cfo-mild,5.0,1,11,False,True,14.707065395011659,False,0.06172925496101378,False
AWGN__cfo-mild,15.0,0,0,False,False,14.15944404400286,False,0.011478402614593541,False
AWGN__cfo-mild,15.0,0,1,False,False,12.279680911048509,False,0.017017593622207672,False
AWGN__cfo-mild,15.0,0,2,False,False,12.979343426436415,False,0.03460802268981933,False
AWGN__cfo-mild,15.0,0,3,False,False,13.01242955107796,False,0.006537818789482119,False
AWGN__cfo-mild,15.0,0,4,False,False,12.867845464152673,False,0.002554225921630904,False
AWGN__cfo-mild,15.0,0,5,False,False,13.065328308152813,False,0.0031535490751266604,False
AWGN__cfo-mild,15.0,0,6,False,False,12.677766653937029,False,0.02158130276203163,False
AWGN__cfo-mild,15.0,0,7,False,False,12.827356136828673,False,0.025503409504890384,False
AWGN__cfo-mild,15.0,0,8,False,False,12.557353344224769,False,0.005468095421791164,False
AWGN__cfo-mild,15.0,0,9,False,False,12.541381783280496,False,0.015756623506546052,False
AWGN__cfo-mild,15.0,0,10,False,False,13.046853945314943,False,0.022429841279983598,False
AWGN__cfo-mild,15.0,0,11,False,False,13.064441453806259,False,0.02746891319751732,False
AWGN__cfo-mild,15.0,1,0,False,False,13.739892793613603,False,0.001686923027038545,False
AWGN__cfo-mild,15.0,1,1,False,False,13.986767220224918,False,0.027631146073341273,False
AWGN__cfo-mild,15.0,1,2,False,False,12.566553641444322,False,0.01294410347938546,False
AWGN__cfo-mild,15.0,1,3,False,False,12.430197896349792,False,0.026754348874092004,False
AWGN__cfo-mild,15.0,1,4,False,False,12.906945295065837,False,0.022564533233642603,False
AWGN__cfo-mild,15.0,1,5,False,False,12.91902699562527,False,0.02874334156513214,False
AWGN__cfo-mild,15.0,1,6,False,False,12.986934036103113,False,0.006143834710121143,False
AWGN__cfo-mild,15.0,1,7,False,False,12.774100122622633,False,0.0202310670614243,False
AWGN__cfo-mild,15.0,1,8,False,False,12.962246597472896,False,0.016771474838256917,False
AWGN__cfo-mild,15.0,1,9,False,False,12.492928642565792,False,0.008916640520095886,False
AWGN__cfo-mild,15.0,1,10,False,False,12.587742534178604,False,0.0023149256706238575,False
AWGN__cfo-mild,15.0,1,11,False,False,13.85511139428807,False,0.03564640045166012,False
AWGN__cfo-mild,25.0,0,0,False,False,16.27108653129331,False,0.055734792709350556,False
AWGN__cfo-mild,25.0,0,1,False,False,12.608485978152675,False,0.052219993829727196,False
AWGN__cfo-mild,25.0,0,2,False,False,12.874518317288798,False,0.05635765695571904,False
AWGN__cfo-mild,25.0,0,3,False,False,12.585909347614242,False,0.054569272994995144,False
AWGN__cfo-mild,25.0,0,4,False,False,12.470717009362037,False,0.05674529683589935,False
AWGN__cfo-mild,25.0,0,5,False,False,12.579218989509037,False,0.05081352519989013,False
AWGN__cfo-mild,25.0,0,6,False,False,12.663222424921129,False,0.05892460060119631,False
AWGN__cfo-mild,25.0,0,7,False,False,12.761819751227483,False,0.056492564201354956,False
AWGN__cfo-mild,25.0,0,8,False,False,12.39978371744605,False,0.05070550107955929,False
AWGN__cfo-mild,25.0,0,9,False,False,12.606802502619411,False,0.05472498166561124,False
AWGN__cfo-mild,25.0,0,10,False,False,12.817467574578561,False,0.0562923802137375,False
AWGN__cfo-mild,25.0,0,11,False,False,12.859190430276303,False,0.0573274172544479,False
AWGN__cfo-mild,25.0,1,0,False,False,16.046646068800417,False,0.05418291783332829,False
AWGN__cfo-mild,25.0,1,1,False,False,13.04079172064838,False,0.05684493982791905,False
AWGN__cfo-mild,25.0,1,2,False,False,12.59981288632945,False,0.0542705098390579,False
AWGN__cfo-mild,25.0,1,3,False,False,12.604025078047297,False,0.061432230234146123,False
AWGN__cfo-mild,25.0,1,4,False,False,12.634210662525275,False,0.05506781423091889,False
AWGN__cfo-mild,25.0,1,5,False,False,12.712502977874475,False,0.054643788218498246,False
AWGN__cfo-mild,25.0,1,6,False,False,12.614065363851616,False,0.060782437801361056,False
AWGN__cfo-mild,25.0,1,7,False,False,12.563634393510325,False,0.05530400049686435,False
AWGN__cfo-mild,25.0,1,8,False,False,12.614453297481647,False,0.06064134693145751,False
AWGN__cfo-mild,25.0,1,9,False,False,12.539048830004802,False,0.05630542409420014,False
AWGN__cfo-mild,25.0,1,10,False,False,12.449547956038307,False,0.053945860028266956,False
AWGN__cfo-mild,25.0,1,11,False,False,13.021956307576387,False,0.05966392695903777,False
AWGN__cfo-moderate,5.0,0,0,False,True,14.619017470774343,False,0.06400374352931981,False
AWGN__cfo-moderate,5.0,0,1,False,True,14.751994746430158,False,0.06254065322875979,False
AWGN__cfo-moderate,5.0,0,2,False,True,14.686459444411483,False,0.06254157888889311,False
AWGN__cfo-moderate,5.0,0,3,False,True,14.933735476720654,False,0.06138424205780024,False
AWGN__cfo-moderate,5.0,0,4,False,True,14.854122853346755,False,0.06203969812393184,False
AWGN__cfo-moderate,5.0,0,5,False,True,14.985697951055398,False,0.06057912731170656,False
AWGN__cfo-moderate,5.0,0,6,False,True,14.631726420600732,False,0.06409517121315,False
AWGN__cfo-moderate,5.0,0,7,False,True,14.823864448751936,False,0.06184524798393254,False
AWGN__cfo-moderate,5.0,0,8,False,True,14.856426807827264,False,0.060335263133049044,False
AWGN__cfo-moderate,5.0,0,9,False,True,14.653211876726019,False,0.06474904036521911,False
AWGN__cfo-moderate,5.0,0,10,False,True,14.792376127815336,False,0.06267985665798192,False
AWGN__cfo-moderate,5.0,0,11,False,True,14.812039405078943,False,0.06265452277660366,False
AWGN__cfo-moderate,5.0,1,0,False,True,14.61609811773694,False,0.06278903877735142,False
AWGN__cfo-moderate,5.0,1,1,False,True,16.528468295995285,False,0.04314128875732415,False
AWGN__cfo-moderate,5.0,1,2,False,True,14.795853847044421,False,0.063882474899292,False
AWGN__cfo-moderate,5.0,1,3,False,True,14.594974793502667,False,0.06441065025329595,False
AWGN__cfo-moderate,5.0,1,4,False,True,14.752661774374573,False,0.0616791777610779,False
AWGN__cfo-moderate,5.0,1,5,False,True,14.595735988290912,False,0.06652373051643368,False
AWGN__cfo-moderate,5.0,1,6,False,True,14.905566300308609,False,0.062389575123786956,False
AWGN__cfo-moderate,5.0,1,7,False,True,14.656584623950325,False,0.06301533675193782,False
AWGN__cfo-moderate,5.0,1,8,False,True,14.803680272324979,False,0.06455616021156307,False
AWGN__cfo-moderate,5.0,1,9,False,True,14.705290907357204,False,0.06390451657772067,False
AWGN__cfo-moderate,5.0,1,10,False,True,14.92177420329337,False,0.061200859427452126,False
AWGN__cfo-moderate,5.0,1,11,False,True,14.697046615011837,False,0.06404870271682739,False
AWGN__cfo-moderate,15.0,0,0,False,False,14.15944404400286,False,0.011478402614593541,False
AWGN__cfo-moderate,15.0,0,1,False,False,12.279680911048509,False,0.017017593622207672,False
AWGN__cfo-moderate,15.0,0,2,False,False,12.979343426436415,False,0.03460802268981933,False
AWGN__cfo-moderate,15.0,0,3,False,False,13.01242955107796,False,0.006537818789482119,False
AWGN__cfo-moderate,15.0,0,4,False,False,12.867845464152673,False,0.002554225921630904,False
AWGN__cfo-moderate,15.0,0,5,False,False,13.065328308152813,False,0.0031535490751266604,False
AWGN__cfo-moderate,15.0,0,6,False,False,12.677766653937029,False,0.02158130276203163,False
AWGN__cfo-moderate,15.0,0,7,False,False,12.827356136828673,False,0.025503409504890384,False
AWGN__cfo-moderate,15.0,0,8,False,False,12.557353344224769,False,0.005468095421791164,False
AWGN__cfo-moderate,15.0,0,9,False,False,12.602533173541465,False,0.017184128642082297,False
AWGN__cfo-moderate,15.0,0,10,False,False,13.046853945314943,False,0.022429841279983598,False
AWGN__cfo-moderate,15.0,0,11,False,False,13.064441453806259,False,0.02746891319751732,False
AWGN__cfo-moderate,15.0,1,0,False,False,13.739892793613603,False,0.001686923027038545,False
AWGN__cfo-moderate,15.0,1,1,False,False,13.986767220224918,False,0.027631146073341273,False
AWGN__cfo-moderate,15.0,1,2,False,False,12.566553641444322,False,0.01294410347938546,False
AWGN__cfo-moderate,15.0,1,3,False,False,12.430197896349792,False,0.026754348874092004,False
AWGN__cfo-moderate,15.0,1,4,False,False,12.906945295065837,False,0.022564533233642603,False
AWGN__cfo-moderate,15.0,1,5,False,False,12.91902699562527,False,0.02874334156513214,False
AWGN__cfo-moderate,15.0,1,6,False,False,12.986934036103113,False,0.006143834710121143,False
AWGN__cfo-moderate,15.0,1,7,False,False,12.774100122622633,False,0.0202310670614243,False
AWGN__cfo-moderate,15.0,1,8,False,False,12.962246597472896,False,0.016771474838256917,False
AWGN__cfo-moderate,15.0,1,9,False,False,12.492928642565792,False,0.008916640520095886,False
AWGN__cfo-moderate,15.0,1,10,False,False,12.587742534178604,False,0.0023149256706238575,False
AWGN__cfo-moderate,15.0,1,11,False,False,13.85511139428807,False,0.03564640045166012,False
AWGN__cfo-moderate,25.0,0,0,False,False,16.27108653129331,False,0.055734792709350556,False
AWGN__cfo-moderate,25.0,0,1,False,False,12.608485978152675,False,0.052219993829727196,False
AWGN__cfo-moderate,25.0,0,2,False,False,12.874518317288798,False,0.05635765695571904,False
AWGN__cfo-moderate,25.0,0,3,False,False,12.58614192606819,False,0.05630487608909607,False
AWGN__cfo-moderate,25.0,0,4,False,False,12.470717009362037,False,0.05674529683589935,False
AWGN__cfo-moderate,25.0,0,5,False,False,12.579641282349737,False,0.05315693593025206,False
AWGN__cfo-moderate,25.0,0,6,False,False,12.662577510495918,False,0.05644613194465642,False
AWGN__cfo-moderate,25.0,0,7,False,False,12.761819751227483,False,0.056492564201354956,False
AWGN__cfo-moderate,25.0,0,8,False,False,12.39978371744605,False,0.05070550107955929,False
AWGN__cfo-moderate,25.0,0,9,False,False,12.602736556879899,False,0.05297776579856872,False
AWGN__cfo-moderate,25.0,0,10,False,False,12.817467574578561,False,0.0562923802137375,False
AWGN__cfo-moderate,25.0,0,11,False,False,12.854628555232518,False,0.05904488098621363,False
AWGN__cfo-moderate,25.0,1,0,False,False,16.046646068800417,False,0.05418291783332829,False
AWGN__cfo-moderate,25.0,1,1,False,False,13.04079172064838,False,0.05684493982791905,False
AWGN__cfo-moderate,25.0,1,2,False,False,12.59981288632945,False,0.0542705098390579,False
AWGN__cfo-moderate,25.0,1,3,False,False,12.604025078047297,False,0.061432230234146123,False
AWGN__cfo-moderate,25.0,1,4,False,False,12.634210662525275,False,0.05506781423091889,False
AWGN__cfo-moderate,25.0,1,5,False,False,12.712502977874475,False,0.054643788218498246,False
AWGN__cfo-moderate,25.0,1,6,False,False,12.614065363851616,False,0.060782437801361056,False
AWGN__cfo-moderate,25.0,1,7,False,False,12.563634393510325,False,0.05530400049686435,False
AWGN__cfo-moderate,25.0,1,8,False,False,12.614453297481647,False,0.06064134693145751,False
AWGN__cfo-moderate,25.0,1,9,False,False,12.536903629594718,False,0.05365980088710787,False
AWGN__cfo-moderate,25.0,1,10,False,False,12.449547956038307,False,0.053945860028266956,False
AWGN__cfo-moderate,25.0,1,11,False,False,13.021956307576387,False,0.05966392695903777,False
AWGN__cfo-severe,5.0,0,0,False,True,14.619017470774343,False,0.06400374352931981,False
AWGN__cfo-severe,5.0,0,1,False,True,14.751994746430158,False,0.06254065322875979,False
AWGN__cfo-severe,5.0,0,2,False,True,14.686459444411483,False,0.06254157888889311,False
AWGN__cfo-severe,5.0,0,3,False,True,14.933735476720654,False,0.06138424205780024,False
AWGN__cfo-severe,5.0,0,4,False,True,14.854122853346755,False,0.06203969812393184,False
AWGN__cfo-severe,5.0,0,5,False,True,14.985697951055398,False,0.06057912731170656,False
AWGN__cfo-severe,5.0,0,6,False,True,14.631726420600732,False,0.06409517121315,False
AWGN__cfo-severe,5.0,0,7,False,True,14.823864448751936,False,0.06184524798393254,False
AWGN__cfo-severe,5.0,0,8,False,True,14.856426807827264,False,0.060335263133049044,False
AWGN__cfo-severe,5.0,0,9,False,True,14.653211876726019,False,0.06474904036521911,False
AWGN__cfo-severe,5.0,0,10,False,True,14.792376127815336,False,0.06267985665798192,False
AWGN__cfo-severe,5.0,0,11,False,True,14.812039405078943,False,0.06265452277660366,False
AWGN__cfo-severe,5.0,1,0,False,True,14.61609811773694,False,0.06278903877735142,False
AWGN__cfo-severe,5.0,1,1,False,True,16.540308553776658,False,0.04494014799594881,False
AWGN__cfo-severe,5.0,1,2,False,True,14.795853847044421,False,0.063882474899292,False
AWGN__cfo-severe,5.0,1,3,False,True,14.594974793502667,False,0.06441065025329595,False
AWGN__cfo-severe,5.0,1,4,False,True,14.752661774374573,False,0.0616791777610779,False
AWGN__cfo-severe,5.0,1,5,False,True,14.595735988290912,False,0.06652373051643368,False
AWGN__cfo-severe,5.0,1,6,False,True,14.905566300308609,False,0.062389575123786956,False
AWGN__cfo-severe,5.0,1,7,False,True,14.656584623950325,False,0.06301533675193782,False
AWGN__cfo-severe,5.0,1,8,False,True,14.803680272324979,False,0.06455616021156307,False
AWGN__cfo-severe,5.0,1,9,False,True,14.705290907357204,False,0.06390451657772067,False
AWGN__cfo-severe,5.0,1,10,False,True,14.92177420329337,False,0.061200859427452126,False
AWGN__cfo-severe,5.0,1,11,False,True,14.697046615011837,False,0.06404870271682739,False
AWGN__cfo-severe,15.0,0,0,False,True,23.346153579984733,False,0.0643886656761169,False
AWGN__cfo-severe,15.0,0,1,False,False,21.895202618629725,False,0.04128217077255247,False
AWGN__cfo-severe,15.0,0,2,False,False,24.83700815770249,False,0.040867656350135784,False
AWGN__cfo-severe,15.0,0,3,False,False,21.610951370714282,False,0.044275831818580635,False
AWGN__cfo-severe,15.0,0,4,False,True,21.550176707838734,False,0.03606173682212832,False
AWGN__cfo-severe,15.0,0,5,False,False,22.082070491389807,False,0.04039819574356074,False
AWGN__cfo-severe,15.0,0,6,False,False,23.05678547501096,False,0.042556603431701645,False
AWGN__cfo-severe,15.0,0,7,False,False,23.08899801353486,False,0.048811695933342,False
AWGN__cfo-severe,15.0,0,8,False,False,21.322560644841598,False,0.02743433499336234,False
AWGN__cfo-severe,15.0,0,9,False,True,22.30128665568996,False,0.05000574553012849,False
AWGN__cfo-severe,15.0,0,10,False,False,23.217701888035478,False,0.042194425463676466,False
AWGN__cfo-severe,15.0,0,11,False,False,24.698676795584056,False,0.04244231522083275,False
AWGN__cfo-severe,15.0,1,0,False,True,21.440581789974516,False,0.06510826575756068,False
AWGN__cfo-severe,15.0,1,1,False,False,24.337474564415842,False,0.049706604838371304,False
AWGN__cfo-severe,15.0,1,2,False,False,23.00812708335252,False,0.031336783647537225,False
AWGN__cfo-severe,15.0,1,3,False,True,23.767592409873505,False,0.048388850450515775,False
AWGN__cfo-severe,15.0,1,4,False,False,22.66851096560671,False,0.04139774024486542,False
AWGN__cfo-severe,15.0,1,5,False,False,24.179642043566908,False,0.04751962745189664,False
AWGN__cfo-severe,15.0,1,6,False,False,23.102871915721032,False,0.031808474302291834,False
AWGN__cfo-severe,15.0,1,7,False,True,22.5473309774409,False,0.04501445078849786,False
AWGN__cfo-severe,15.0,1,8,False,False,22.655938628674036,False,0.04032018315792085,False
AWGN__cfo-severe,15.0,1,9,False,False,22.794988767413304,False,0.03637242901325222,False
AWGN__cfo-severe,15.0,1,10,False,True,20.39470144574521,False,0.04122101557254787,False
AWGN__cfo-severe,15.0,1,11,False,False,25.826897622333885,True,0.05337572157382964,False
AWGN__cfo-severe,25.0,0,0,False,True,66.32650289498051,True,0.2934235632419586,True
AWGN__cfo-severe,25.0,0,1,False,True,62.26842096336768,True,0.2777480853796005,True
AWGN__cfo-severe,25.0,0,2,False,True,64.81053399008066,True,0.2940415517091751,True
AWGN__cfo-severe,25.0,0,3,False,True,61.59025098885724,True,0.25985869896411895,True
AWGN__cfo-severe,25.0,0,4,False,True,60.58340599642848,True,0.2562615133523941,True
AWGN__cfo-severe,25.0,0,5,False,True,61.970941714516506,True,0.2516713205575942,True
AWGN__cfo-severe,25.0,0,6,False,True,62.827528955918844,True,0.2756762957572937,True
AWGN__cfo-severe,25.0,0,7,False,True,62.837073998273375,True,0.278944349527359,True
AWGN__cfo-severe,25.0,0,8,False,True,61.64023861042539,True,0.25854988086223596,True
AWGN__cfo-severe,25.0,0,9,False,True,62.33439076454828,True,0.2831982034444809,True
AWGN__cfo-severe,25.0,0,10,False,True,63.53140981363653,True,0.2804300261735916,True
AWGN__cfo-severe,25.0,0,11,False,True,63.7301997388858,True,0.27946802365779877,True
AWGN__cfo-severe,25.0,1,0,False,True,65.36247185694272,True,0.2882459036111832,True
AWGN__cfo-severe,25.0,1,1,False,True,64.78932513802134,True,0.28764388668537133,True
AWGN__cfo-severe,25.0,1,2,False,True,62.85211719167639,True,0.25912616086006157,True
AWGN__cfo-severe,25.0,1,3,False,True,62.90389045690526,True,0.285965970993042,True
AWGN__cfo-severe,25.0,1,4,False,True,62.32371723472881,True,0.2749172524213791,True
AWGN__cfo-severe,25.0,1,5,False,True,62.883797024410214,True,0.286054631948471,True
AWGN__cfo-severe,25.0,1,6,False,True,61.392015090389904,True,0.2553997694253921,True
AWGN__cfo-severe,25.0,1,7,False,True,62.04092649486803,True,0.27313319039344786,True
AWGN__cfo-severe,25.0,1,8,False,True,61.952102880136266,True,0.2641244106292724,True
AWGN__cfo-severe,25.0,1,9,False,True,61.64456998960539,True,0.2702844752073288,True
AWGN__cfo-severe,25.0,1,10,False,True,60.06156617544712,True,0.25581553816795344,True
AWGN__cfo-severe,25.0,1,11,False,True,65.43631580595334,True,0.29192415976524355,True
AWGN__clean,5.0,0,0,False,True,14.619017470774343,False,0.06400374352931981,False
AWGN__clean,5.0,0,1,False,True,14.751994746430158,False,0.06254065322875979,False
AWGN__clean,5.0,0,2,False,True,14.686459444411483,False,0.06254157888889311,False
AWGN__clean,5.0,0,3,False,True,14.933735476720654,False,0.06138424205780024,False
AWGN__clean,5.0,0,4,False,True,14.854122853346755,False,0.06203969812393184,False
AWGN__clean,5.0,0,5,False,True,14.985697951055398,False,0.06057912731170656,False
AWGN__clean,5.0,0,6,False,True,14.631726420600732,False,0.06409517121315,False
AWGN__clean,5.0,0,7,False,True,14.823864448751936,False,0.06184524798393254,False
AWGN__clean,5.0,0,8,False,True,14.856426807827264,False,0.060335263133049044,False
AWGN__clean,5.0,0,9,False,True,14.653211876726019,False,0.06474904036521911,False
AWGN__clean,5.0,0,10,False,True,14.792376127815336,False,0.06267985665798192,False
AWGN__clean,5.0,0,11,False,True,14.812039405078943,False,0.06265452277660366,False
AWGN__clean,5.0,1,0,False,True,14.61609811773694,False,0.06278903877735142,False
AWGN__clean,5.0,1,1,False,True,15.805415431782437,False,0.049288627743721,False
AWGN__clean,5.0,1,2,False,True,14.795853847044421,False,0.063882474899292,False
AWGN__clean,5.0,1,3,False,True,14.594974793502667,False,0.06441065025329595,False
AWGN__clean,5.0,1,4,False,True,14.752661774374573,False,0.0616791777610779,False
AWGN__clean,5.0,1,5,False,True,14.595735988290912,False,0.06652373051643368,False
AWGN__clean,5.0,1,6,False,True,14.905566300308609,False,0.062389575123786956,False
AWGN__clean,5.0,1,7,False,True,14.656584623950325,False,0.06301533675193782,False
AWGN__clean,5.0,1,8,False,True,14.803680272324979,False,0.06455616021156307,False
AWGN__clean,5.0,1,9,False,True,14.705290907357204,False,0.06390451657772067,False
AWGN__clean,5.0,1,10,False,True,14.92177420329337,False,0.061200859427452126,False
AWGN__clean,5.0,1,11,False,True,14.697046615011837,False,0.06404870271682739,False
AWGN__clean,15.0,0,0,False,False,14.15944404400286,False,0.011478402614593541,False
AWGN__clean,15.0,0,1,False,False,12.279680911048509,False,0.017017593622207672,False
AWGN__clean,15.0,0,2,False,False,12.979343426436415,False,0.03460802268981933,False
AWGN__clean,15.0,0,3,False,False,13.01242955107796,False,0.006537818789482119,False
AWGN__clean,15.0,0,4,False,False,12.867845464152673,False,0.002554225921630904,False
AWGN__clean,15.0,0,5,False,False,13.065328308152813,False,0.0031535490751266604,False
AWGN__clean,15.0,0,6,False,False,12.677766653937029,False,0.02158130276203163,False
AWGN__clean,15.0,0,7,False,False,12.827356136828673,False,0.025503409504890384,False
AWGN__clean,15.0,0,8,False,False,12.557353344224769,False,0.005468095421791164,False
AWGN__clean,15.0,0,9,False,False,12.541381783280496,False,0.015756623506546052,False
AWGN__clean,15.0,0,10,False,False,13.046853945314943,False,0.022429841279983598,False
AWGN__clean,15.0,0,11,False,False,13.064441453806259,False,0.02746891319751732,False
AWGN__clean,15.0,1,0,False,False,13.739892793613603,False,0.001686923027038545,False
AWGN__clean,15.0,1,1,False,False,13.958437246465042,False,0.028537491440773,False
AWGN__clean,15.0,1,2,False,False,12.565501964023396,False,0.011441529393196204,False
AWGN__clean,15.0,1,3,False,False,12.430197896349792,False,0.026754348874092004,False
AWGN__clean,15.0,1,4,False,False,12.906945295065837,False,0.022564533233642603,False
AWGN__clean,15.0,1,5,False,False,12.91902699562527,False,0.02874334156513214,False
AWGN__clean,15.0,1,6,False,False,12.986934036103113,False,0.006143834710121143,False
AWGN__clean,15.0,1,7,False,False,12.774100122622633,False,0.0202310670614243,False
AWGN__clean,15.0,1,8,False,False,12.962246597472896,False,0.016771474838256917,False
AWGN__clean,15.0,1,9,False,False,12.492928642565792,False,0.008916640520095886,False
AWGN__clean,15.0,1,10,False,False,12.587742534178604,False,0.0023149256706238575,False
AWGN__clean,15.0,1,11,False,False,13.85511139428807,False,0.03564640045166012,False
AWGN__clean,25.0,0,0,False,False,16.27011843895518,False,0.05751195108890539,False
AWGN__clean,25.0,0,1,False,False,12.609170205920156,False,0.05668240463733676,False
AWGN__clean,25.0,0,2,False,False,12.874518317288798,False,0.05635765695571904,False
AWGN__clean,25.0,0,3,False,False,12.58614192606819,False,0.05630487608909607,False
AWGN__clean,25.0,0,4,False,False,12.470717009362037,False,0.05674529683589935,False
AWGN__clean,25.0,0,5,False,False,12.579641282349737,False,0.05315693593025206,False
AWGN__clean,25.0,0,6,False,False,12.663222424921129,False,0.05892460060119631,False
AWGN__clean,25.0,0,7,False,False,12.761819751227483,False,0.056492564201354956,False
AWGN__clean,25.0,0,8,False,False,12.39978371744605,False,0.05070550107955929,False
AWGN__clean,25.0,0,9,False,False,12.606802502619411,False,0.05472498166561124,False
AWGN__clean,25.0,0,10,False,False,12.817467574578561,False,0.0562923802137375,False
AWGN__clean,25.0,0,11,False,False,12.854628555232518,False,0.05904488098621363,False
AWGN__clean,25.0,1,0,False,False,16.046646068800417,False,0.05418291783332829,False
AWGN__clean,25.0,1,1,False,False,13.04079172064838,False,0.05684493982791905,False
AWGN__clean,25.0,1,2,False,False,12.60032697538317,False,0.056015230774879465,False
AWGN__clean,25.0,1,3,False,False,12.604025078047297,False,0.061432230234146123,False
AWGN__clean,25.0,1,4,False,False,12.634210662525275,False,0.05506781423091889,False
AWGN__clean,25.0,1,5,False,False,12.712502977874475,False,0.054643788218498246,False
AWGN__clean,25.0,1,6,False,False,12.614065363851616,False,0.060782437801361056,False
AWGN__clean,25.0,1,7,False,False,12.563634393510325,False,0.05530400049686435,False
AWGN__clean,25.0,1,8,False,False,12.614453297481647,False,0.06064134693145751,False
AWGN__clean,25.0,1,9,False,False,12.539048830004802,False,0.05630542409420014,False
AWGN__clean,25.0,1,10,False,False,12.449547956038307,False,0.053945860028266956,False
AWGN__clean,25.0,1,11,False,False,13.021956307576387,False,0.05966392695903777,False
AWGN__iq-mild,5.0,0,0,False,True,14.619017470774343,False,0.06400374352931981,False
AWGN__iq-mild,5.0,0,1,False,True,14.751994746430158,False,0.06254065322875979,False
AWGN__iq-mild,5.0,0,2,False,True,14.686459444411483,False,0.06254157888889311,False
AWGN__iq-mild,5.0,0,3,False,True,14.933735476720654,False,0.06138424205780024,False
AWGN__iq-mild,5.0,0,4,False,True,14.854122853346755,False,0.06203969812393184,False
AWGN__iq-mild,5.0,0,5,False,True,14.985697951055398,False,0.06057912731170656,False
AWGN__iq-mild,5.0,0,6,False,True,14.631726420600732,False,0.06409517121315,False
AWGN__iq-mild,5.0,0,7,False,True,14.823864448751936,False,0.06184524798393254,False
AWGN__iq-mild,5.0,0,8,False,True,14.856426807827264,False,0.060335263133049044,False
AWGN__iq-mild,5.0,0,9,False,True,14.653211876726019,False,0.06474904036521911,False
AWGN__iq-mild,5.0,0,10,False,True,14.792376127815336,False,0.06267985665798192,False
AWGN__iq-mild,5.0,0,11,False,True,14.812039405078943,False,0.06265452277660366,False
AWGN__iq-mild,5.0,1,0,False,True,14.61609811773694,False,0.06278903877735142,False
AWGN__iq-mild,5.0,1,1,False,True,16.528468295995285,False,0.04314128875732415,False
AWGN__iq-mild,5.0,1,2,False,True,14.795853847044421,False,0.063882474899292,False
AWGN__iq-mild,5.0,1,3,False,True,14.594974793502667,False,0.06441065025329595,False
AWGN__iq-mild,5.0,1,4,False,True,14.752661774374573,False,0.0616791777610779,False
AWGN__iq-mild,5.0,1,5,False,True,14.595735988290912,False,0.06652373051643368,False
AWGN__iq-mild,5.0,1,6,False,True,14.905566300308609,False,0.062389575123786956,False
AWGN__iq-mild,5.0,1,7,False,True,14.656584623950325,False,0.06301533675193782,False
AWGN__iq-mild,5.0,1,8,False,True,14.803680272324979,False,0.06455616021156307,False
AWGN__iq-mild,5.0,1,9,False,True,14.705290907357204,False,0.06390451657772067,False
AWGN__iq-mild,5.0,1,10,False,True,14.92177420329337,False,0.061200859427452126,False
AWGN__iq-mild,5.0,1,11,False,True,14.697046615011837,False,0.06404870271682739,False
AWGN__iq-mild,15.0,0,0,False,False,14.13538993818237,False,0.012603364109993076,False
AWGN__iq-mild,15.0,0,1,False,False,12.30741362518834,False,0.01866095745563512,False
AWGN__iq-mild,15.0,0,2,False,False,12.979343426436415,False,0.03460802268981933,False
AWGN__iq-mild,15.0,0,3,False,False,13.022081861405011,False,0.008058966159820602,False
AWGN__iq-mild,15.0,0,4,False,False,12.867845464152673,False,0.002554225921630904,False
AWGN__iq-mild,15.0,0,5,False,False,13.20809787250066,False,0.004689989089965874,False
AWGN__iq-mild,15.0,0,6,False,False,12.743736887199255,False,0.02309462499618531,False
AWGN__iq-mild,15.0,0,7,False,False,12.815817716137083,False,0.02721213817596435,False
AWGN__iq-mild,15.0,0,8,False,False,12.544971174347797,False,0.006971910357475353,False
AWGN__iq-mild,15.0,0,9,False,False,12.534445283190578,False,0.017443667292594944,False
AWGN__iq-mild,15.0,0,10,False,False,13.051757691772893,False,0.022347180485725482,False
AWGN__iq-mild,15.0,0,11,False,False,13.062356123011854,False,0.027773181080818166,False
AWGN__iq-mild,15.0,1,0,False,False,13.733785052913966,False,3.622496128075081e-05,False
AWGN__iq-mild,15.0,1,1,False,False,13.986767220224918,False,0.027631146073341273,False
AWGN__iq-mild,15.0,1,2,False,False,12.565501964023396,False,0.011441529393196204,False
AWGN__iq-mild,15.0,1,3,False,False,12.45542705224641,False,0.028314777255058265,False
AWGN__iq-mild,15.0,1,4,False,False,12.902682994380276,False,0.022533257722854638,False
AWGN__iq-mild,15.0,1,5,False,False,12.91902699562527,False,0.02874334156513214,False
AWGN__iq-mild,15.0,1,6,False,False,12.994148417976799,False,0.007640509963035669,False
AWGN__iq-mild,15.0,1,7,False,False,12.766355935987615,False,0.02347212731838233,False
AWGN__iq-mild,15.0,1,8,False,False,12.767331905612854,False,0.019633867740631028,False
AWGN__iq-mild,15.0,1,9,False,False,12.581276154292494,False,0.012051034092903201,False
AWGN__iq-mild,15.0,1,10,False,False,12.587742534178604,False,0.0023149256706238575,False
AWGN__iq-mild,15.0,1,11,False,False,13.847477727083799,False,0.035802837967872536,False
AWGN__iq-mild,25.0,0,0,False,False,16.27011843895518,False,0.05751195108890539,False
AWGN__iq-mild,25.0,0,1,False,False,12.609170205920156,False,0.05668240463733676,False
AWGN__iq-mild,25.0,0,2,False,False,12.874518317288798,False,0.05635765695571904,False
AWGN__iq-mild,25.0,0,3,False,False,12.58614192606819,False,0.05630487608909607,False
AWGN__iq-mild,25.0,0,4,False,False,12.470717009362037,False,0.05674529683589935,False
AWGN__iq-mild,25.0,0,5,False,False,12.579641282349737,False,0.05315693593025206,False
AWGN__iq-mild,25.0,0,6,False,False,12.663222424921129,False,0.05892460060119631,False
AWGN__iq-mild,25.0,0,7,False,False,12.761819751227483,False,0.056492564201354956,False
AWGN__iq-mild,25.0,0,8,False,False,12.39978371744605,False,0.05070550107955929,False
AWGN__iq-mild,25.0,0,9,False,False,12.606802502619411,False,0.05472498166561124,False
AWGN__iq-mild,25.0,0,10,False,False,12.817467574578561,False,0.0562923802137375,False
AWGN__iq-mild,25.0,0,11,False,False,12.854628555232518,False,0.05904488098621363,False
AWGN__iq-mild,25.0,1,0,False,False,16.046646068800417,False,0.05418291783332829,False
AWGN__iq-mild,25.0,1,1,False,False,13.04079172064838,False,0.05684493982791905,False
AWGN__iq-mild,25.0,1,2,False,False,12.60032697538317,False,0.056015230774879465,False
AWGN__iq-mild,25.0,1,3,False,False,12.604025078047297,False,0.061432230234146123,False
AWGN__iq-mild,25.0,1,4,False,False,12.634210662525275,False,0.05506781423091889,False
AWGN__iq-mild,25.0,1,5,False,False,12.712502977874475,False,0.054643788218498246,False
AWGN__iq-mild,25.0,1,6,False,False,12.614065363851616,False,0.060782437801361056,False
AWGN__iq-mild,25.0,1,7,False,False,12.563634393510325,False,0.05530400049686435,False
AWGN__iq-mild,25.0,1,8,False,False,12.614453297481647,False,0.06064134693145751,False
AWGN__iq-mild,25.0,1,9,False,False,12.539048830004802,False,0.05630542409420014,False
AWGN__iq-mild,25.0,1,10,False,False,12.449547956038307,False,0.053945860028266956,False
AWGN__iq-mild,25.0,1,11,False,False,13.021956307576387,False,0.05966392695903777,False
AWGN__iq-moderate,5.0,0,0,False,True,14.619017470774343,False,0.06400374352931981,False
AWGN__iq-moderate,5.0,0,1,False,True,14.751994746430158,False,0.06254065322875979,False
AWGN__iq-moderate,5.0,0,2,False,True,14.686459444411483,False,0.06254157888889311,False
AWGN__iq-moderate,5.0,0,3,False,True,14.933735476720654,False,0.06138424205780024,False
AWGN__iq-moderate,5.0,0,4,False,True,14.854122853346755,False,0.06203969812393184,False
AWGN__iq-moderate,5.0,0,5,False,True,14.985697951055398,False,0.06057912731170656,False
AWGN__iq-moderate,5.0,0,6,False,True,14.631726420600732,False,0.06409517121315,False
AWGN__iq-moderate,5.0,0,7,False,True,14.823864448751936,False,0.06184524798393254,False
AWGN__iq-moderate,5.0,0,8,False,True,14.856426807827264,False,0.060335263133049044,False
AWGN__iq-moderate,5.0,0,9,False,True,14.653211876726019,False,0.06474904036521911,False
AWGN__iq-moderate,5.0,0,10,False,True,14.792376127815336,False,0.06267985665798192,False
AWGN__iq-moderate,5.0,0,11,False,True,14.812039405078943,False,0.06265452277660366,False
AWGN__iq-moderate,5.0,1,0,False,True,14.61609811773694,False,0.06278903877735142,False
AWGN__iq-moderate,5.0,1,1,False,True,16.540308553776658,False,0.04494014799594881,False
AWGN__iq-moderate,5.0,1,2,False,True,14.795853847044421,False,0.063882474899292,False
AWGN__iq-moderate,5.0,1,3,False,True,14.594974793502667,False,0.06441065025329595,False
AWGN__iq-moderate,5.0,1,4,False,True,14.752661774374573,False,0.0616791777610779,False
AWGN__iq-moderate,5.0,1,5,False,True,14.595735988290912,False,0.06652373051643368,False
AWGN__iq-moderate,5.0,1,6,False,True,14.905566300308609,False,0.062389575123786956,False
AWGN__iq-moderate,5.0,1,7,False,True,14.656584623950325,False,0.06301533675193782,False
AWGN__iq-moderate,5.0,1,8,False,True,14.803680272324979,False,0.06455616021156307,False
AWGN__iq-moderate,5.0,1,9,False,True,14.705290907357204,False,0.06390451657772067,False
AWGN__iq-moderate,5.0,1,10,False,True,14.92177420329337,False,0.061200859427452126,False
AWGN__iq-moderate,5.0,1,11,False,True,14.697046615011837,False,0.06404870271682739,False
AWGN__iq-moderate,15.0,0,0,False,False,20.418618921456158,False,0.06134006094932554,False
AWGN__iq-moderate,15.0,0,1,False,False,21.762037273127586,False,0.036592576265335075,False
AWGN__iq-moderate,15.0,0,2,False,False,23.69232241579693,False,0.0423148009777069,False
AWGN__iq-moderate,15.0,0,3,False,False,20.380775722295493,False,0.03514602696895597,False
AWGN__iq-moderate,15.0,0,4,False,False,20.099704197621357,False,0.03730415487289429,False
AWGN__iq-moderate,15.0,0,5,False,False,20.191667137759566,False,0.03632999873161313,False
AWGN__iq-moderate,15.0,0,6,False,False,21.529141403355794,False,0.0426515330076217,False
AWGN__iq-moderate,15.0,0,7,False,False,21.294283048996135,False,0.046174707174301166,False
AWGN__iq-moderate,15.0,0,8,False,False,20.32841431342567,False,0.027479822158813394,False
AWGN__iq-moderate,15.0,0,9,False,True,20.88489078309932,False,0.05117463278770451,False
AWGN__iq-moderate,15.0,0,10,False,False,21.602417073551212,False,0.04526187241077417,False
AWGN__iq-moderate,15.0,0,11,False,False,22.679000450891532,False,0.03676174092292783,False
AWGN__iq-moderate,15.0,1,0,False,True,20.37977791233588,False,0.06090154397487635,False
AWGN__iq-moderate,15.0,1,1,False,False,22.85585785387129,False,0.049964318752288794,False
AWGN__iq-moderate,15.0,1,2,False,False,21.937606895349177,False,0.03464447653293601,False
AWGN__iq-moderate,15.0,1,3,False,False,21.719513305919453,False,0.04399416518211363,False
AWGN__iq-moderate,15.0,1,4,False,False,21.477715673327772,False,0.039047521948814334,False
AWGN__iq-moderate,15.0,1,5,False,False,22.425453911915692,False,0.04903371453285221,False
AWGN__iq-moderate,15.0,1,6,False,False,21.702842910436107,False,0.029474541783332753,False
AWGN__iq-moderate,15.0,1,7,False,False,21.834940983895102,False,0.046997112393379226,False
AWGN__iq-moderate,15.0,1,8,False,False,21.56750915214971,False,0.04402131843566892,False
AWGN__iq-moderate,15.0,1,9,False,False,21.30305201537706,False,0.027586133360862686,False
AWGN__iq-moderate,15.0,1,10,False,False,18.82908517365987,False,0.04558128333091738,False
AWGN__iq-moderate,15.0,1,11,False,False,24.166177644343755,False,0.04976458346843715,False
AWGN__iq-moderate,25.0,0,0,False,True,56.62089772515808,True,0.13450077140331262,True
AWGN__iq-moderate,25.0,0,1,False,True,54.67550493601715,True,0.09634602272510528,True
AWGN__iq-moderate,25.0,0,2,False,False,55.58237300367474,True,0.10868600130081185,True
AWGN__iq-moderate,25.0,0,3,False,False,54.31828099160221,True,0.08348480999469754,True
AWGN__iq-moderate,25.0,0,4,False,False,53.95612839343255,True,0.0854542582035065,True
AWGN__iq-moderate,25.0,0,5,False,False,54.308163963359085,True,0.07660810363292692,True
AWGN__iq-moderate,25.0,0,6,False,False,55.39982861815933,True,0.10112440204620365,True
AWGN__iq-moderate,25.0,0,7,False,False,55.30130384863399,True,0.09911315155029299,True
AWGN__iq-moderate,25.0,0,8,False,False,54.07527870101408,True,0.08169458603858948,True
AWGN__iq-moderate,25.0,0,9,False,False,54.85712373665276,True,0.10228163874149321,True
AWGN__iq-moderate,25.0,0,10,False,True,55.25767834000276,True,0.10152411425113683,True
AWGN__iq-moderate,25.0,0,11,False,False,55.600446923224595,True,0.10096228897571569,True
AWGN__iq-moderate,25.0,1,0,False,True,56.344585059894904,True,0.12675397443771352,True
AWGN__iq-moderate,25.0,1,1,False,False,56.014923607891035,True,0.10583780193328862,True
AWGN__iq-moderate,25.0,1,2,False,False,54.4897158231364,True,0.08574265444278717,True
AWGN__iq-moderate,25.0,1,3,False,True,55.24196459717969,True,0.11100546300411229,True
AWGN__iq-moderate,25.0,1,4,False,False,55.15181711990815,True,0.09481981420516972,True
AWGN__iq-moderate,25.0,1,5,False,False,55.24706354064491,True,0.11031124258041392,True
AWGN__iq-moderate,25.0,1,6,False,False,54.269598904743646,True,0.07812030911445622,True
AWGN__iq-moderate,25.0,1,7,False,True,54.709659549634495,True,0.10256459522247319,True
AWGN__iq-moderate,25.0,1,8,False,False,54.55137434676617,True,0.08626436531543735,True
AWGN__iq-moderate,25.0,1,9,False,False,54.186212722833076,True,0.0864812133312226,True
AWGN__iq-moderate,25.0,1,10,False,False,53.826271112518576,True,0.08264819228649145,True
AWGN__iq-moderate,25.0,1,11,False,True,56.07287177846152,True,0.11404711043834692,True
AWGN__iq-severe,5.0,0,0,False,True,14.73471179114448,False,0.0575852645635605,False
AWGN__iq-severe,5.0,0,1,False,True,15.252395760282393,False,0.05316332960128789,False
AWGN__iq-severe,5.0,0,2,False,True,14.686459444411483,False,0.06254157888889311,False
AWGN__iq-severe,5.0,0,3,False,True,14.933735476720654,False,0.06138424205780024,False
AWGN__iq-severe,5.0,0,4,False,True,14.854122853346755,False,0.06203969812393184,False
AWGN__iq-severe,5.0,0,5,False,True,16.387530297096195,False,0.04521448683738705,False
AWGN__iq-severe,5.0,0,6,False,True,15.026547492846793,False,0.05375362324714661,False
AWGN__iq-severe,5.0,0,7,False,True,14.823864448751936,False,0.06184524798393254,False
AWGN__iq-severe,5.0,0,8,False,True,14.856426807827264,False,0.060335263133049044,False
AWGN__iq-severe,5.0,0,9,False,True,14.653211876726019,False,0.06474904036521911,False
AWGN__iq-severe,5.0,0,10,False,True,14.792376127815336,False,0.06267985665798192,False
AWGN__iq-severe,5.0,0,11,False,True,14.812039405078943,False,0.06265452277660366,False
AWGN__iq-severe,5.0,1,0,False,True,14.61609811773694,False,0.06278903877735142,False
AWGN__iq-severe,5.0,1,1,False,True,16.795448767102368,False,0.03787260687351224,False
AWGN__iq-severe,5.0,1,2,False,True,14.993293880565208,False,0.056982902169227634,False
AWGN__iq-severe,5.0,1,3,False,True,14.594974793502667,False,0.06441065025329595,False
AWGN__iq-severe,5.0,1,4,False,True,14.934982163484033,False,0.05590292108058925,False
AWGN__iq-severe,5.0,1,5,False,True,14.833027376770596,False,0.05922791326045984,False
AWGN__iq-severe,5.0,1,6,False,True,14.905566300308609,False,0.062389575123786956,False
AWGN__iq-severe,5.0,1,7,False,True,14.656584623950325,False,0.06301533675193782,False
AWGN__iq-severe,5.0,1,8,False,True,14.803680272324979,False,0.06455616021156307,False
AWGN__iq-severe,5.0,1,9,False,True,14.705290907357204,False,0.06390451657772067,False
AWGN__iq-severe,5.0,1,10,False,True,14.92177420329337,False,0.061200859427452126,False
AWGN__iq-severe,5.0,1,11,False,True,15.122775515440843,False,0.05388173770904536,False
AWGN__iq-severe,15.0,0,0,False,False,24.10096064300355,False,0.07121092772483828,False
AWGN__iq-severe,15.0,0,1,False,False,23.035562098623384,False,0.04278102028369901,False
AWGN__iq-severe,15.0,0,2,False,False,25.800121864674505,True,0.03924728846549985,False
AWGN__iq-severe,15.0,0,3,False,False,22.132911390509456,False,0.041778422594070386,False
AWGN__iq-severe,15.0,0,4,False,False,21.923798812253125,False,0.04271225774288179,False
AWGN__iq-severe,15.0,0,5,False,False,22.154098304241735,False,0.03564000594615935,False
AWGN__iq-severe,15.0,0,6,False,False,24.209664892871725,False,0.0460269410610199,False
AWGN__iq-severe,15.0,0,7,False,False,24.190314932389374,False,0.04739719605445858,False
AWGN__iq-severe,15.0,0,8,False,False,22.16364764907214,False,0.029423459291458065,False
AWGN__iq-severe,15.0,0,9,False,False,22.49146465042399,False,0.051146085619926396,False
AWGN__iq-severe,15.0,0,10,False,False,24.194355973228692,False,0.04737811291217797,False
AWGN__iq-severe,15.0,0,11,False,False,25.289501859238598,False,0.037065982818603516,False
AWGN__iq-severe,15.0,1,0,False,False,21.505010421497254,False,0.06491237294673924,False
AWGN__iq-severe,15.0,1,1,False,False,24.789194174084535,False,0.051720683932304334,False
AWGN__iq-severe,15.0,1,2,False,False,23.6545417945896,False,0.03288855099678034,False
AWGN__iq-severe,15.0,1,3,False,False,24.62032182289153,False,0.047516043663024865,False
AWGN__iq-severe,15.0,1,4,False,False,23.76771646127905,False,0.0404301162958145,False
AWGN__iq-severe,15.0,1,5,False,False,24.20453086821254,False,0.0486367958784103,False
AWGN__iq-severe,15.0,1,6,False,False,24.131754900398235,False,0.0339885101318359,False
AWGN__iq-severe,15.0,1,7,False,False,23.327145892990117,False,0.046803241848945576,False
AWGN__iq-severe,15.0,1,8,False,False,23.64310592260329,False,0.04123480200767515,False
AWGN__iq-severe,15.0,1,9,False,False,23.481733575584133,False,0.03602578306198112,False
AWGN__iq-severe,15.0,1,10,False,False,21.037269469174593,False,0.0387800415754318,False
AWGN__iq-severe,15.0,1,11,False,False,27.148575716740883,True,0.05482948827743528,False
AWGN__iq-severe,25.0,0,0,False,True,98.42360468171505,True,0.5211074018478394,True
AWGN__iq-severe,25.0,0,1,False,True,95.47813403987644,True,0.4997605764865875,True
AWGN__iq-severe,25.0,0,2,False,True,103.15971274769412,True,0.5241719579696655,True
AWGN__iq-severe,25.0,0,3,False,True,94.12026726613126,True,0.488313955783844,True
AWGN__iq-severe,25.0,0,4,False,True,88.27880831131635,True,0.48368960118293763,True
AWGN__iq-severe,25.0,0,5,False,True,93.4632304993554,True,0.4809859592914581,True
AWGN__iq-severe,25.0,0,6,False,True,96.6035711483455,True,0.5063444913625716,True
AWGN__iq-severe,25.0,0,7,False,True,98.38193283828664,True,0.5106892080307006,True
AWGN__iq-severe,25.0,0,8,False,True,94.50187159248662,True,0.4817858231067657,True
AWGN__iq-severe,25.0,0,9,False,True,97.29888923821814,True,0.5097882254123689,True
AWGN__iq-severe,25.0,0,10,False,True,98.38870309859308,True,0.5091806107759476,True
AWGN__iq-severe,25.0,0,11,False,True,102.64101630881835,True,0.5192873922586441,True
AWGN__iq-severe,25.0,1,0,False,True,99.89769232877259,True,0.5108384495973588,True
AWGN__iq-severe,25.0,1,1,False,True,97.9111100164369,True,0.5112305825948715,True
AWGN__iq-severe,25.0,1,2,False,True,94.82304281953151,True,0.48645137262344357,True
AWGN__iq-severe,25.0,1,3,False,True,96.17915560396015,True,0.5133688304424286,True
AWGN__iq-severe,25.0,1,4,False,True,97.46207493289549,True,0.506673377275467,True
AWGN__iq-severe,25.0,1,5,False,True,98.22887039408695,True,0.515575256586075,True
AWGN__iq-severe,25.0,1,6,False,True,92.33026197747968,True,0.4805644899606704,True
AWGN__iq-severe,25.0,1,7,False,True,99.14615240055308,True,0.5061466944217683,True
AWGN__iq-severe,25.0,1,8,False,True,95.8162901786098,True,0.48512412285804746,True
AWGN__iq-severe,25.0,1,9,False,True,95.44619613815968,True,0.49914586985111237,True
AWGN__iq-severe,25.0,1,10,False,True,88.5758813061979,True,0.48268475723266596,True
AWGN__iq-severe,25.0,1,11,False,True,102.8410585864602,True,0.5187565878629685,True
AWGN__pa-mild,5.0,0,0,False,True,14.619017470774343,False,0.06400374352931981,False
AWGN__pa-mild,5.0,0,1,False,True,14.782496142052777,False,0.059568034529685954,False
AWGN__pa-mild,5.0,0,2,False,True,14.686459444411483,False,0.06254157888889311,False
AWGN__pa-mild,5.0,0,3,False,True,14.933735476720654,False,0.06138424205780024,False
AWGN__pa-mild,5.0,0,4,False,True,14.854122853346755,False,0.06203969812393184,False
AWGN__pa-mild,5.0,0,5,False,True,15.15603089459167,False,0.0536372108459473,False
AWGN__pa-mild,5.0,0,6,False,True,14.631726420600732,False,0.06409517121315,False
AWGN__pa-mild,5.0,0,7,False,True,14.823864448751936,False,0.06184524798393254,False
AWGN__pa-mild,5.0,0,8,False,True,14.856426807827264,False,0.060335263133049044,False
AWGN__pa-mild,5.0,0,9,False,True,14.653211876726019,False,0.06474904036521911,False
AWGN__pa-mild,5.0,0,10,False,True,14.792376127815336,False,0.06267985665798192,False
AWGN__pa-mild,5.0,0,11,False,True,14.812039405078943,False,0.06265452277660366,False
AWGN__pa-mild,5.0,1,0,False,True,14.61609811773694,False,0.06278903877735142,False
AWGN__pa-mild,5.0,1,1,False,True,16.528468295995285,False,0.04314128875732415,False
AWGN__pa-mild,5.0,1,2,False,True,14.84981826951357,False,0.05947987246513364,False
AWGN__pa-mild,5.0,1,3,False,True,14.594974793502667,False,0.06441065025329595,False
AWGN__pa-mild,5.0,1,4,False,True,14.771428560533737,False,0.05784778451919559,False
AWGN__pa-mild,5.0,1,5,False,True,14.578065909774573,False,0.06474504351615906,False
AWGN__pa-mild,5.0,1,6,False,True,14.905566300308609,False,0.062389575123786956,False
AWGN__pa-mild,5.0,1,7,False,True,14.656584623950325,False,0.06301533675193782,False
AWGN__pa-mild,5.0,1,8,False,True,14.803680272324979,False,0.06455616021156307,False
AWGN__pa-mild,5.0,1,9,False,True,14.705290907357204,False,0.06390451657772067,False
AWGN__pa-mild,5.0,1,10,False,True,14.92177420329337,False,0.061200859427452126,False
AWGN__pa-mild,5.0,1,11,False,True,14.716655007076277,False,0.061327162981033356,False
AWGN__pa-mild,15.0,0,0,False,False,14.15944404400286,False,0.011478402614593541,False
AWGN__pa-mild,15.0,0,1,False,False,12.279680911048509,False,0.017017593622207672,False
AWGN__pa-mild,15.0,0,2,False,False,12.979343426436415,False,0.03460802268981933,False
AWGN__pa-mild,15.0,0,3,False,False,13.01242955107796,False,0.006537818789482119,False
AWGN__pa-mild,15.0,0,4,False,False,12.867845464152673,False,0.002554225921630904,False
AWGN__pa-mild,15.0,0,5,False,False,13.065328308152813,False,0.0031535490751266604,False
AWGN__pa-mild,15.0,0,6,False,False,12.677766653937029,False,0.02158130276203163,False
AWGN__pa-mild,15.0,0,7,False,False,12.827356136828673,False,0.025503409504890384,False
AWGN__pa-mild,15.0,0,8,False,False,12.557353344224769,False,0.005468095421791164,False
AWGN__pa-mild,15.0,0,9,False,False,12.541381783280496,False,0.015756623506546052,False
AWGN__pa-mild,15.0,0,10,False,False,13.046853945314943,False,0.022429841279983598,False
AWGN__pa-mild,15.0,0,11,False,False,13.064441453806259,False,0.02746891319751732,False
AWGN__pa-mild,15.0,1,0,False,False,13.739892793613603,False,0.001686923027038545,False
AWGN__pa-mild,15.0,1,1,False,False,13.986767220224918,False,0.027631146073341273,False
AWGN__pa-mild,15.0,1,2,False,False,12.565501964023396,False,0.011441529393196204,False
AWGN__pa-mild,15.0,1,3,False,False,12.430197896349792,False,0.026754348874092004,False
AWGN__pa-mild,15.0,1,4,False,False,12.906945295065837,False,0.022564533233642603,False
AWGN__pa-mild,15.0,1,5,False,False,12.91902699562527,False,0.02874334156513214,False
AWGN__pa-mild,15.0,1,6,False,False,12.986934036103113,False,0.006143834710121143,False
AWGN__pa-mild,15.0,1,7,False,False,12.774100122622633,False,0.0202310670614243,False
AWGN__pa-mild,15.0,1,8,False,False,12.962246597472896,False,0.016771474838256917,False
AWGN__pa-mild,15.0,1,9,False,False,12.492928642565792,False,0.008916640520095886,False
AWGN__pa-mild,15.0,1,10,False,False,12.587742534178604,False,0.0023149256706238575,False
AWGN__pa-mild,15.0,1,11,False,False,13.85511139428807,False,0.03564640045166012,False
AWGN__pa-mild,25.0,0,0,False,False,16.27011843895518,False,0.05751195108890539,False
AWGN__pa-mild,25.0,0,1,False,False,12.609170205920156,False,0.05668240463733676,False
AWGN__pa-mild,25.0,0,2,False,False,12.874518317288798,False,0.05635765695571904,False
AWGN__pa-mild,25.0,0,3,False,False,12.58614192606819,False,0.05630487608909607,False
AWGN__pa-mild,25.0,0,4,False,False,12.470717009362037,False,0.05674529683589935,False
AWGN__pa-mild,25.0,0,5,False,False,12.579641282349737,False,0.05315693593025206,False
AWGN__pa-mild,25.0,0,6,False,False,12.663222424921129,False,0.05892460060119631,False
AWGN__pa-mild,25.0,0,7,False,False,12.761819751227483,False,0.056492564201354956,False
AWGN__pa-mild,25.0,0,8,False,False,12.39978371744605,False,0.05070550107955929,False
AWGN__pa-mild,25.0,0,9,False,False,12.606802502619411,False,0.05472498166561124,False
AWGN__pa-mild,25.0,0,10,False,False,12.817467574578561,False,0.0562923802137375,False
AWGN__pa-mild,25.0,0,11,False,False,12.854628555232518,False,0.05904488098621363,False
AWGN__pa-mild,25.0,1,0,False,False,16.046646068800417,False,0.05418291783332829,False
AWGN__pa-mild,25.0,1,1,False,False,13.04079172064838,False,0.05684493982791905,False
AWGN__pa-mild,25.0,1,2,False,False,12.60032697538317,False,0.056015230774879465,False
AWGN__pa-mild,25.0,1,3,False,False,12.604025078047297,False,0.061432230234146123,False
AWGN__pa-mild,25.0,1,4,False,False,12.634210662525275,False,0.05506781423091889,False
AWGN__pa-mild,25.0,1,5,False,False,12.712502977874475,False,0.054643788218498246,False
AWGN__pa-mild,25.0,1,6,False,False,12.614065363851616,False,0.060782437801361056,False
AWGN__pa-mild,25.0,1,7,False,False,12.563634393510325,False,0.05530400049686435,False
AWGN__pa-mild,25.0,1,8,False,False,12.614453297481647,False,0.06064134693145751,False
AWGN__pa-mild,25.0,1,9,False,False,12.539048830004802,False,0.05630542409420014,False
AWGN__pa-mild,25.0,1,10,False,False,12.449547956038307,False,0.053945860028266956,False
AWGN__pa-mild,25.0,1,11,False,False,13.021956307576387,False,0.05966392695903777,False
AWGN__pa-moderate,5.0,0,0,False,True,15.337039143291687,False,0.0538445574045181,False
AWGN__pa-moderate,5.0,0,1,False,True,15.252395760282393,False,0.05316332960128789,False
AWGN__pa-moderate,5.0,0,2,False,False,14.686459444411483,False,0.06254157888889311,False
AWGN__pa-moderate,5.0,0,3,False,True,14.933735476720654,False,0.06138424205780024,False
AWGN__pa-moderate,5.0,0,4,False,True,14.854122853346755,False,0.06203969812393184,False
AWGN__pa-moderate,5.0,0,5,False,True,16.387530297096195,False,0.04521448683738705,False
AWGN__pa-moderate,5.0,0,6,False,True,16.027594869050084,False,0.049101749658584604,False
AWGN__pa-moderate,5.0,0,7,False,True,14.823864448751936,False,0.06184524798393254,False
AWGN__pa-moderate,5.0,0,8,False,True,14.856426807827264,False,0.060335263133049044,False
AWGN__pa-moderate,5.0,0,9,False,True,14.653211876726019,False,0.06474904036521911,False
AWGN__pa-moderate,5.0,0,10,False,False,14.792376127815336,False,0.06267985665798192,False
AWGN__pa-moderate,5.0,0,11,False,False,14.812039405078943,False,0.06265452277660366,False
AWGN__pa-moderate,5.0,1,0,False,True,14.61609811773694,False,0.06278903877735142,False
AWGN__pa-moderate,5.0,1,1,False,True,17.607396318135894,False,0.03152949595451349,False
AWGN__pa-moderate,5.0,1,2,False,True,15.182924270451641,False,0.055450515508651765,False
AWGN__pa-moderate,5.0,1,3,False,True,14.594974793502667,False,0.06441065025329595,False
AWGN__pa-moderate,5.0,1,4,False,True,15.217185183176186,False,0.05297970747947689,False
AWGN__pa-moderate,5.0,1,5,False,False,15.010536510701685,False,0.05807627439498897,False
AWGN__pa-moderate,5.0,1,6,False,True,14.905566300308609,False,0.062389575123786956,False
AWGN__pa-moderate,5.0,1,7,False,True,14.656584623950325,False,0.06301533675193782,False
AWGN__pa-moderate,5.0,1,8,False,True,14.803680272324979,False,0.06455616021156307,False
AWGN__pa-moderate,5.0,1,9,False,True,14.705290907357204,False,0.06390451657772067,False
AWGN__pa-moderate,5.0,1,10,False,True,14.92177420329337,False,0.061200859427452126,False
AWGN__pa-moderate,5.0,1,11,False,False,16.99115136518484,False,0.04111388766765589,False
AWGN__pa-moderate,15.0,0,0,False,True,23.32601708720161,False,0.0636984142065048,False
AWGN__pa-moderate,15.0,0,1,False,False,22.011922177358205,False,0.040884115457534786,False
AWGN__pa-moderate,15.0,0,2,False,False,24.83700815770249,False,0.040867656350135784,False
AWGN__pa-moderate,15.0,0,3,False,False,21.624094921134382,False,0.0423246117830276,False
AWGN__pa-moderate,15.0,0,4,False,True,21.542295699186862,False,0.03611364305019371,False
AWGN__pa-moderate,15.0,0,5,False,False,22.082070491389807,False,0.04039819574356074,False
AWGN__pa-moderate,15.0,0,6,False,False,23.05678547501096,False,0.042556603431701645,False
AWGN__pa-moderate,15.0,0,7,False,False,23.08899801353486,False,0.048811695933342,False
AWGN__pa-moderate,15.0,0,8,False,False,21.409136926041953,False,0.026349908828735336,False
AWGN__pa-moderate,15.0,0,9,False,True,22.30128665568996,False,0.05000574553012849,False
AWGN__pa-moderate,15.0,0,10,False,False,23.295527960075407,False,0.044505506038665765,False
AWGN__pa-moderate,15.0,0,11,False,False,24.881265533006797,False,0.04015253138542174,False
AWGN__pa-moderate,15.0,1,0,False,True,21.440581789974516,False,0.06510826575756068,False
AWGN__pa-moderate,15.0,1,1,False,False,24.662063966393404,False,0.05030113780498502,False
AWGN__pa-moderate,15.0,1,2,False,False,22.88766068309318,False,0.02997279393672936,False
AWGN__pa-moderate,15.0,1,3,False,True,23.767592409873505,False,0.048388850450515775,False
AWGN__pa-moderate,15.0,1,4,False,False,22.941454803690764,False,0.042921969413757255,False
AWGN__pa-moderate,15.0,1,5,False,False,24.159435387036776,False,0.04623932421207422,False
AWGN__pa-moderate,15.0,1,6,False,False,23.102871915721032,False,0.031808474302291834,False
AWGN__pa-moderate,15.0,1,7,False,True,22.5473309774409,False,0.04501445078849786,False
AWGN__pa-moderate,15.0,1,8,False,True,22.846872504223683,False,0.04256818234920501,False
AWGN__pa-moderate,15.0,1,9,False,False,23.08117291380985,False,0.031911206722259444,False
AWGN__pa-moderate,15.0,1,10,False,True,20.71557588976332,False,0.04057741594314568,False
AWGN__pa-moderate,15.0,1,11,False,False,25.84484263407566,True,0.05336305642127992,False
AWGN__pa-moderate,25.0,0,0,False,False,54.68088649754041,True,0.11609182000160223,True
AWGN__pa-moderate,25.0,0,1,False,False,54.01818451302599,True,0.07119424211978909,False
AWGN__pa-moderate,25.0,0,2,False,False,55.18772191602299,True,0.09223838531970985,True
AWGN__pa-moderate,25.0,0,3,False,False,53.59064751933649,True,0.06292179250717167,False
AWGN__pa-moderate,25.0,0,4,False,False,53.245267037888524,True,0.061643684864044146,False
AWGN__pa-moderate,25.0,0,5,False,False,54.056008247386124,True,0.06647506201267239,False
AWGN__pa-moderate,25.0,0,6,False,False,54.30032530011269,True,0.07862407124042514,True
AWGN__pa-moderate,25.0,0,7,False,False,54.66577715210207,True,0.07770016980171202,True
AWGN__pa-moderate,25.0,0,8,False,False,53.545796853968525,True,0.05942475676536563,False
AWGN__pa-moderate,25.0,0,9,False,False,54.157814109177174,True,0.0811334886550904,True
AWGN__pa-moderate,25.0,0,10,False,False,54.554699448699644,True,0.07396739900112148,True
AWGN__pa-moderate,25.0,0,11,False,False,54.557906802416184,True,0.0766637839078903,True
AWGN__pa-moderate,25.0,1,0,False,False,54.38782368644774,True,0.10210077965259556,True
AWGN__pa-moderate,25.0,1,1,False,False,55.18371212693315,True,0.0851417208909988,True
AWGN__pa-moderate,25.0,1,2,False,False,53.273838175713806,True,0.06011188256740574,False
AWGN__pa-moderate,25.0,1,3,False,False,54.532721300941745,True,0.07832328748702999,True
AWGN__pa-moderate,25.0,1,4,False,False,54.29333143771558,True,0.07155793476104733,False
AWGN__pa-moderate,25.0,1,5,False,False,54.59244587678906,True,0.07893022620677947,True
AWGN__pa-moderate,25.0,1,6,False,False,53.42846533352927,True,0.0636007018089294,False
AWGN__pa-moderate,25.0,1,7,False,False,54.227260771305914,True,0.07285847425460812,True
AWGN__pa-moderate,25.0,1,8,False,False,54.04302471061259,True,0.06467790293693543,False
AWGN__pa-moderate,25.0,1,9,False,False,53.36208555462345,True,0.0672830542325974,False
AWGN__pa-moderate,25.0,1,10,False,False,53.17995034648578,True,0.05695610821247099,False
AWGN__pa-moderate,25.0,1,11,False,False,55.084224871323485,True,0.08288658034801488,True
AWGN__pa-severe,5.0,0,0,False,False,15.337039143291687,False,0.0538445574045181,False
AWGN__pa-severe,5.0,0,1,False,False,15.565679475807197,False,0.05068090426921845,False
AWGN__pa-severe,5.0,0,2,False,False,14.675202210245272,False,0.060714768409729,False
AWGN__pa-severe,5.0,0,3,False,False,14.933735476720654,False,0.06138424205780024,False
AWGN__pa-severe,5.0,0,4,False,False,14.854122853346755,False,0.06203969812393184,False
AWGN__pa-severe,5.0,0,5,False,False,16.66307457452063,False,0.04345909798145298,False
AWGN__pa-severe,5.0,0,6,False,False,16.027594869050084,False,0.049101749658584604,False
AWGN__pa-severe,5.0,0,7,False,False,14.823864448751936,False,0.06184524798393254,False
AWGN__pa-severe,5.0,0,8,False,False,14.856426807827264,False,0.060335263133049044,False
AWGN__pa-severe,5.0,0,9,False,False,14.665346175060598,False,0.06231319546699521,False
AWGN__pa-severe,5.0,0,10,False,False,14.792376127815336,False,0.06267985665798192,False
AWGN__pa-severe,5.0,0,11,False,False,14.812039405078943,False,0.06265452277660366,False
AWGN__pa-severe,5.0,1,0,False,False,14.61609811773694,False,0.06278903877735142,False
AWGN__pa-severe,5.0,1,1,False,False,17.607396318135894,False,0.03152949595451349,False
AWGN__pa-severe,5.0,1,2,False,False,15.182924270451641,False,0.055450515508651765,False
AWGN__pa-severe,5.0,1,3,False,False,14.594974793502667,False,0.06441065025329595,False
AWGN__pa-severe,5.0,1,4,False,False,15.217185183176186,False,0.05297970747947689,False
AWGN__pa-severe,5.0,1,5,False,False,15.016857057816502,False,0.05800980007648471,False
AWGN__pa-severe,5.0,1,6,False,False,14.905566300308609,False,0.062389575123786956,False
AWGN__pa-severe,5.0,1,7,False,False,14.656584623950325,False,0.06301533675193782,False
AWGN__pa-severe,5.0,1,8,False,False,14.803680272324979,False,0.06455616021156307,False
AWGN__pa-severe,5.0,1,9,False,False,14.7217905241921,False,0.06145632827281955,False
AWGN__pa-severe,5.0,1,10,False,False,14.92177420329337,False,0.061200859427452126,False
AWGN__pa-severe,5.0,1,11,False,False,16.99115136518484,False,0.04111388766765589,False
AWGN__pa-severe,15.0,0,0,False,False,25.652774212659402,False,0.08514634001255039,True
AWGN__pa-severe,15.0,0,1,False,False,26.809112794734666,True,0.059010346531867985,False
AWGN__pa-severe,15.0,0,2,False,False,32.57669051788817,True,0.05679568934440615,False
AWGN__pa-severe,15.0,0,3,False,False,27.96163240444583,True,0.04260881578922271,False
AWGN__pa-severe,15.0,0,4,False,False,26.86665004886566,True,0.05127031338214871,False
AWGN__pa-severe,15.0,0,5,False,False,27.659823345712102,True,0.0535824055671692,False
AWGN__pa-severe,15.0,0,6,False,False,29.341238467176346,True,0.05291527271270746,False
AWGN__pa-severe,15.0,0,7,False,False,29.414690506213176,True,0.05532128167152406,False
AWGN__pa-severe,15.0,0,8,False,False,26.505374867117986,True,0.039122775077819805,False
AWGN__pa-severe,15.0,0,9,False,False,28.13116627032277,True,0.06828460693359373,False
AWGN__pa-severe,15.0,0,10,False,False,29.340576664462745,True,0.04960197079181672,False
AWGN__pa-severe,15.0,0,11,False,False,31.055215093051135,True,0.048510301113128595,False
AWGN__pa-severe,15.0,1,0,False,False,24.584363815671026,False,0.08538948857784268,True
AWGN__pa-severe,15.0,1,1,False,False,30.793746667478768,True,0.06033294332027439,False
AWGN__pa-severe,15.0,1,2,False,False,28.996095440066487,True,0.03738374543190004,False
AWGN__pa-severe,15.0,1,3,False,False,28.771234814125282,True,0.056764755725860594,False
AWGN__pa-severe,15.0,1,4,False,False,29.065307720082178,True,0.05275460350513461,False
AWGN__pa-severe,15.0,1,5,False,False,30.256982422926463,True,0.054345242619514456,False
AWGN__pa-severe,15.0,1,6,False,False,28.167063748186862,True,0.04344806635379783,False
AWGN__pa-severe,15.0,1,7,False,False,28.79133167970261,True,0.05667100012302395,False
AWGN__pa-severe,15.0,1,8,False,False,27.910939693865906,True,0.04025236952304834,False
AWGN__pa-severe,15.0,1,9,False,False,28.178241892180765,True,0.043160918116569524,False
AWGN__pa-severe,15.0,1,10,False,False,24.998751281463942,False,0.05917129027843471,False
AWGN__pa-severe,15.0,1,11,False,False,31.475193543822684,True,0.05666426384449008,False
AWGN__pa-severe,25.0,0,0,False,True,78.1818062070234,True,0.40816705727577207,True
AWGN__pa-severe,25.0,0,1,False,True,74.1741301104896,True,0.3979910292625427,True
AWGN__pa-severe,25.0,0,2,False,True,82.1238161534169,True,0.4212597510814666,True
AWGN__pa-severe,25.0,0,3,False,True,73.0989279062925,True,0.37658561801910395,True
AWGN__pa-severe,25.0,0,4,False,True,73.29588835121895,True,0.3800497807264328,True
AWGN__pa-severe,25.0,0,5,False,True,74.88628418810264,True,0.38605523753166193,True
AWGN__pa-severe,25.0,0,6,False,True,78.55514563726966,True,0.4116700990200043,True
AWGN__pa-severe,25.0,0,7,False,True,78.45664899910228,True,0.4036097342967987,True
AWGN__pa-severe,25.0,0,8,False,True,72.33967348674146,True,0.37362520444393155,True
AWGN__pa-severe,25.0,0,9,False,True,75.99103739519931,True,0.40750688314437866,True
AWGN__pa-severe,25.0,0,10,False,True,76.92890431829154,True,0.40485881245136257,True
AWGN__pa-severe,25.0,0,11,False,True,78.14854656832209,True,0.4111411793231964,True
AWGN__pa-severe,25.0,1,0,False,True,77.48111939723296,True,0.40212801730632775,True
AWGN__pa-severe,25.0,1,1,False,True,79.8356451580679,True,0.41092430317401885,True
AWGN__pa-severe,25.0,1,2,False,True,73.954085047982,True,0.38531172788143153,True
AWGN__pa-severe,25.0,1,3,False,True,75.8977369790705,True,0.40604923582077024,True
AWGN__pa-severe,25.0,1,4,False,True,74.8821997523563,True,0.402885254740715,True
AWGN__pa-severe,25.0,1,5,False,True,75.82859879119212,True,0.40939963102340693,True
AWGN__pa-severe,25.0,1,6,False,True,73.7674171183306,True,0.3853842982053757,True
AWGN__pa-severe,25.0,1,7,False,True,75.28368122896613,True,0.40579143834114073,True
AWGN__pa-severe,25.0,1,8,False,True,73.7482480815403,True,0.3795703216791152,True
AWGN__pa-severe,25.0,1,9,False,True,73.84212730092163,True,0.39325269329547874,True
AWGN__pa-severe,25.0,1,10,False,True,71.53671130166568,True,0.38673572909832,True
AWGN__pa-severe,25.0,1,11,False,True,79.90392604036956,True,0.40818830883502955,True
AWGN__pn-mild,5.0,0,0,False,True,14.619017470774343,False,0.06400374352931981,False
AWGN__pn-mild,5.0,0,1,False,True,14.751994746430158,False,0.06254065322875979,False
AWGN__pn-mild,5.0,0,2,False,True,14.686459444411483,False,0.06254157888889311,False
AWGN__pn-mild,5.0,0,3,False,True,14.933735476720654,False,0.06138424205780024,False
AWGN__pn-mild,5.0,0,4,False,True,14.854122853346755,False,0.06203969812393184,False
AWGN__pn-mild,5.0,0,5,False,True,14.989827047889614,False,0.058175948500633234,False
AWGN__pn-mild,5.0,0,6,False,True,14.631726420600732,False,0.06409517121315,False
AWGN__pn-mild,5.0,0,7,False,True,14.823864448751936,False,0.06184524798393254,False
AWGN__pn-mild,5.0,0,8,False,True,14.856426807827264,False,0.060335263133049044,False
AWGN__pn-mild,5.0,0,9,False,True,14.653211876726019,False,0.06474904036521911,False
AWGN__pn-mild,5.0,0,10,False,True,14.792376127815336,False,0.06267985665798192,False
AWGN__pn-mild,5.0,0,11,False,True,14.812039405078943,False,0.06265452277660366,False
AWGN__pn-mild,5.0,1,0,False,True,14.61609811773694,False,0.06278903877735142,False
AWGN__pn-mild,5.0,1,1,False,True,16.528468295995285,False,0.04314128875732415,False
AWGN__pn-mild,5.0,1,2,False,True,14.795853847044421,False,0.063882474899292,False
AWGN__pn-mild,5.0,1,3,False,True,14.594974793502667,False,0.06441065025329595,False
AWGN__pn-mild,5.0,1,4,False,True,14.752661774374573,False,0.0616791777610779,False
AWGN__pn-mild,5.0,1,5,False,True,14.595735988290912,False,0.06652373051643368,False
AWGN__pn-mild,5.0,1,6,False,True,14.905566300308609,False,0.062389575123786956,False
AWGN__pn-mild,5.0,1,7,False,True,14.656584623950325,False,0.06301533675193782,False
AWGN__pn-mild,5.0,1,8,False,True,14.803680272324979,False,0.06455616021156307,False
AWGN__pn-mild,5.0,1,9,False,True,14.705290907357204,False,0.06390451657772067,False
AWGN__pn-mild,5.0,1,10,False,True,14.92177420329337,False,0.061200859427452126,False
AWGN__pn-mild,5.0,1,11,False,True,14.697046615011837,False,0.06404870271682739,False
AWGN__pn-mild,15.0,0,0,False,False,13.897843580034914,False,0.024655733466148355,False
AWGN__pn-mild,15.0,0,1,False,False,11.997154624159444,False,0.02699751818180074,False
AWGN__pn-mild,15.0,0,2,False,False,12.906627180321731,False,0.047429558157920826,False
AWGN__pn-mild,15.0,0,3,False,False,12.68544394018516,False,0.010667449474334734,False
AWGN__pn-mild,15.0,0,4,False,False,12.543884494684193,False,0.008662544965744035,False
AWGN__pn-mild,15.0,0,5,False,False,13.027927628181924,False,0.014840699911117583,False
AWGN__pn-mild,15.0,0,6,False,False,12.650001970031065,False,0.02955886590480794,False
AWGN__pn-mild,15.0,0,7,False,False,12.733311568391196,False,0.028982472062110798,False
AWGN__pn-mild,15.0,0,8,False,False,12.41450374886469,False,0.015400994300842297,False
AWGN__pn-mild,15.0,0,9,False,False,12.346585924721367,False,0.02187544512748718,False
AWGN__pn-mild,15.0,0,10,False,False,13.101539590974518,False,0.028707031726837084,False
AWGN__pn-mild,15.0,0,11,False,False,13.092602793628318,False,0.036517834305763164,False
AWGN__pn-mild,15.0,1,0,False,False,13.658295851653252,False,0.0033516013622284513,False
AWGN__pn-mild,15.0,1,1,False,False,13.737188536650345,False,0.0339901171922683,False
AWGN__pn-mild,15.0,1,2,False,False,12.485484558971297,False,0.01926692008972175,False
AWGN__pn-mild,15.0,1,3,False,False,12.275611500526662,False,0.034447464466094924,False
AWGN__pn-mild,15.0,1,4,False,False,12.590483261334125,False,0.032652553677558815,False
AWGN__pn-mild,15.0,1,5,False,False,12.650876576925482,False,0.033421273112297034,False
AWGN__pn-mild,15.0,1,6,False,False,12.631349964427718,False,0.01075708401203157,False
AWGN__pn-mild,15.0,1,7,False,False,12.731826167460548,False,0.025460007905960036,False
AWGN__pn-mild,15.0,1,8,False,False,12.527267808005925,False,0.023043145537376297,False
AWGN__pn-mild,15.0,1,9,False,False,12.450394789125573,False,0.012276125311851516,False
AWGN__pn-mild,15.0,1,10,False,False,12.556171556628607,False,0.01727066075801853,False
AWGN__pn-mild,15.0,1,11,False,False,13.532425855330214,False,0.048171105504035916,False
AWGN__pn-mild,25.0,0,0,False,False,35.39385746268253,True,0.06696267354488372,False
AWGN__pn-mild,25.0,0,1,False,False,47.503114439361845,True,0.04877065849304196,False
AWGN__pn-mild,25.0,0,2,False,False,53.72774338008006,True,0.04949597656726834,False
AWGN__pn-mild,25.0,0,3,False,False,48.77169950440311,True,0.028569879174232482,False
AWGN__pn-mild,25.0,0,4,False,False,45.210210563740354,True,0.02624604737758629,False
AWGN__pn-mild,25.0,0,5,False,False,47.469896835817636,True,0.044656387686729415,False
AWGN__pn-mild,25.0,0,6,False,False,48.21901868623463,True,0.03180536401271816,False
AWGN__pn-mild,25.0,0,7,False,False,50.53928748198775,True,0.03596128058433534,False
AWGN__pn-mild,25.0,0,8,False,False,49.7430188748017,True,0.036282110929489075,False
AWGN__pn-mild,25.0,0,9,False,False,50.80676751520422,True,0.04982014000415802,False
AWGN__pn-mild,25.0,0,10,False,False,48.00238126955278,True,0.029101588964462244,False
AWGN__pn-mild,25.0,0,11,False,False,48.726855776090176,True,0.030211005091667187,False
AWGN__pn-mild,25.0,1,0,False,False,37.43423753325225,True,0.07072731649875641,False
AWGN__pn-mild,25.0,1,1,False,False,47.91771628205587,True,0.04317281317710875,False
AWGN__pn-mild,25.0,1,2,False,False,47.76317337091491,True,0.030442770838737476,False
AWGN__pn-mild,25.0,1,3,False,False,48.58394102651332,True,0.034735910534858694,False
AWGN__pn-mild,25.0,1,4,False,False,51.4350709386027,True,0.04319759237766263,False
AWGN__pn-mild,25.0,1,5,False,False,50.268024917139236,True,0.03284227478504176,False
AWGN__pn-mild,25.0,1,6,False,False,48.00405367065054,True,0.030797988295555134,False
AWGN__pn-mild,25.0,1,7,False,False,49.74870675766701,True,0.0376889772415161,False
AWGN__pn-mild,25.0,1,8,False,False,48.113810733369725,True,0.029500240087509177,False
AWGN__pn-mild,25.0,1,9,False,False,48.92933863525954,True,0.02925893354415887,False
AWGN__pn-mild,25.0,1,10,False,False,45.32004315781404,True,0.04038982868194574,False
AWGN__pn-mild,25.0,1,11,False,False,48.51146890147701,True,0.03160061597824093,False
AWGN__pn-moderate,5.0,0,0,False,True,14.57692827155265,False,0.05995485222339625,False
AWGN__pn-moderate,5.0,0,1,False,True,14.777464506683065,False,0.053887134313583385,False
AWGN__pn-moderate,5.0,0,2,False,True,14.697327697080535,False,0.05854967200756067,False
AWGN__pn-moderate,5.0,0,3,False,True,14.934084457365023,False,0.05926158857345576,False
AWGN__pn-moderate,5.0,0,4,False,True,14.854122853346755,False,0.06203969812393184,False
AWGN__pn-moderate,5.0,0,5,False,True,15.152605030935895,False,0.05178513133525853,False
AWGN__pn-moderate,5.0,0,6,False,True,14.647998362227481,False,0.06159468901157383,False
AWGN__pn-moderate,5.0,0,7,False,True,14.827901145830252,False,0.059509184956550554,False
AWGN__pn-moderate,5.0,0,8,False,True,14.880092068395294,False,0.05363735234737399,False
AWGN__pn-moderate,5.0,0,9,False,True,14.67020449842592,False,0.06032490980625149,False
AWGN__pn-moderate,5.0,0,10,False,True,14.792376127815336,False,0.06267985665798192,False
AWGN__pn-moderate,5.0,0,11,False,True,14.839271829165831,False,0.060333360791206325,False
AWGN__pn-moderate,5.0,1,0,False,True,14.627276733791602,False,0.05864183676242829,False
AWGN__pn-moderate,5.0,1,1,False,True,16.663147796848737,False,0.03980504012107844,False
AWGN__pn-moderate,5.0,1,2,False,True,14.892932777979992,False,0.05669558501243588,False
AWGN__pn-moderate,5.0,1,3,False,True,14.616801574454778,False,0.06198248028755193,False
AWGN__pn-moderate,5.0,1,4,False,True,14.76948971449359,False,0.056061582684516886,False
AWGN__pn-moderate,5.0,1,5,False,True,14.579487761485616,False,0.06267790436744691,False
AWGN__pn-moderate,5.0,1,6,False,True,14.91133614339934,False,0.060207884669303935,False
AWGN__pn-moderate,5.0,1,7,False,True,14.676692951056397,False,0.06033260881900793,False
AWGN__pn-moderate,5.0,1,8,False,True,14.798090730758837,False,0.06060419416427609,False
AWGN__pn-moderate,5.0,1,9,False,True,14.750566642537695,False,0.0585194448232651,False
AWGN__pn-moderate,5.0,1,10,False,True,14.921878570241464,False,0.05924645781517024,False
AWGN__pn-moderate,5.0,1,11,False,True,14.761385393860772,False,0.057815149426460266,False
AWGN__pn-moderate,15.0,0,0,False,False,25.493285250058214,False,0.08375567126274108,True
AWGN__pn-moderate,15.0,0,1,False,False,30.379319595099968,True,0.06487565803527828,False
AWGN__pn-moderate,15.0,0,2,False,False,35.084222754544186,True,0.06279363894462586,False
AWGN__pn-moderate,15.0,0,3,False,False,32.57685895997165,True,0.04945855617523187,False
AWGN__pn-moderate,15.0,0,4,False,False,29.40367667044833,True,0.030579565048217683,False
AWGN__pn-moderate,15.0,0,5,False,False,31.400695067858532,True,0.06549671280384062,False
AWGN__pn-moderate,15.0,0,6,False,False,32.95480028032925,True,0.052026015281677274,False
AWGN__pn-moderate,15.0,0,7,False,False,33.182539074044094,True,0.055925664544105524,False
AWGN__pn-moderate,15.0,0,8,False,False,33.85005911303587,True,0.046557622909545904,False
AWGN__pn-moderate,15.0,0,9,False,False,32.82265958861333,True,0.06446884191036228,False
AWGN__pn-moderate,15.0,0,10,False,False,32.649331346149914,True,0.04901417481899262,False
AWGN__pn-moderate,15.0,0,11,False,False,34.11956420232681,True,0.04216034495830534,False
AWGN__pn-moderate,15.0,1,0,False,False,25.179438560490606,False,0.08345635426044462,True
AWGN__pn-moderate,15.0,1,1,False,False,31.371944737232358,True,0.06289721059799191,False
AWGN__pn-moderate,15.0,1,2,False,False,32.62186542082323,True,0.044821650266647306,False
AWGN__pn-moderate,15.0,1,3,False,False,32.84645753655543,True,0.06123416042327878,False
AWGN__pn-moderate,15.0,1,4,False,False,35.01498201959059,True,0.05218534564971922,False
AWGN__pn-moderate,15.0,1,5,False,False,31.90143029408685,True,0.05600802862644194,False
AWGN__pn-moderate,15.0,1,6,False,False,31.5011176967617,True,0.045899909019470164,False
AWGN__pn-moderate,15.0,1,7,False,False,32.76420546828375,True,0.05007835602760313,False
AWGN__pn-moderate,15.0,1,8,False,False,31.784315087635957,True,0.045103731274604764,False
AWGN__pn-moderate,15.0,1,9,False,False,30.797484413128323,True,0.0454814072847366,False
AWGN__pn-moderate,15.0,1,10,False,False,28.70585411966512,True,0.0549160350561142,False
AWGN__pn-moderate,15.0,1,11,False,False,34.388979631547684,True,0.05750863432884212,False
AWGN__pn-moderate,25.0,0,0,False,True,77.16181284547451,True,0.4266903924942017,True
AWGN__pn-moderate,25.0,0,1,False,True,77.20733096336042,True,0.43244105112552644,True
AWGN__pn-moderate,25.0,0,2,False,True,83.69774046945048,True,0.45983190953731534,True
AWGN__pn-moderate,25.0,0,3,False,True,77.2175978364032,True,0.43097541368007664,True
AWGN__pn-moderate,25.0,0,4,False,True,77.06120651639878,True,0.42798206377029424,True
AWGN__pn-moderate,25.0,0,5,False,True,75.5396299244311,True,0.4135282710790634,True
AWGN__pn-moderate,25.0,0,6,False,True,75.47938510469638,True,0.41623240637779235,True
AWGN__pn-moderate,25.0,0,7,False,True,78.70146043511917,True,0.43094618976116184,True
AWGN__pn-moderate,25.0,0,8,False,True,77.28321362099977,True,0.42274699580669406,True
AWGN__pn-moderate,25.0,0,9,False,True,78.91265718845862,True,0.43103907299041744,True
AWGN__pn-moderate,25.0,0,10,False,True,74.94255883269257,True,0.41326556813716886,True
AWGN__pn-moderate,25.0,0,11,False,True,80.08428110198697,True,0.43992515838146207,True
AWGN__pn-moderate,25.0,1,0,False,True,81.35855662675154,True,0.44710146129131323,True
AWGN__pn-moderate,25.0,1,1,False,True,79.26270579498416,True,0.4283975950479507,True
AWGN__pn-moderate,25.0,1,2,False,True,76.85008136877534,True,0.42789174652099604,True
AWGN__pn-moderate,25.0,1,3,False,True,80.41960834134059,True,0.43581629407405853,True
AWGN__pn-moderate,25.0,1,4,False,True,77.89961237829647,True,0.43468299925327303,True
AWGN__pn-moderate,25.0,1,5,False,True,78.36549272119099,True,0.44204669713974,True
AWGN__pn-moderate,25.0,1,6,False,True,79.1582928017945,True,0.43475038623809814,True
AWGN__pn-moderate,25.0,1,7,False,True,80.64248283616958,True,0.43946131587028503,True
AWGN__pn-moderate,25.0,1,8,False,True,77.29202689482896,True,0.4127895040512085,True
AWGN__pn-moderate,25.0,1,9,False,True,76.94170715577417,True,0.4203043051958084,True
AWGN__pn-moderate,25.0,1,10,False,True,74.90060103514595,True,0.4167884154319763,True
AWGN__pn-moderate,25.0,1,11,False,True,76.166252483023,True,0.41753856754302976,True
AWGN__pn-severe,5.0,0,0,False,True,14.985989070230335,False,0.03516747224330896,False
AWGN__pn-severe,5.0,0,1,False,True,15.350630503463577,False,0.02385604429244992,False
AWGN__pn-severe,5.0,0,2,False,False,14.928652904864924,False,0.026232248306274353,False
AWGN__pn-severe,5.0,0,3,False,True,15.011045382650803,False,0.048285364866256675,False
AWGN__pn-severe,5.0,0,4,False,True,14.851057498769208,False,0.05350979220867158,False
AWGN__pn-severe,5.0,0,5,False,True,15.710573975524264,False,0.024227685213088934,False
AWGN__pn-severe,5.0,0,6,False,True,16.169876011103558,False,0.03335786664485929,False
AWGN__pn-severe,5.0,0,7,False,False,14.796511902388232,False,0.05028251492977143,False
AWGN__pn-severe,5.0,0,8,False,True,14.880737183265968,False,0.039585922360420245,False
AWGN__pn-severe,5.0,0,9,False,False,14.816014404787511,False,0.03926153409481048,False
AWGN__pn-severe,5.0,0,10,False,False,14.790725865901896,False,0.05691776871681209,False
AWGN__pn-severe,5.0,0,11,False,False,14.845267942952974,False,0.04757333052158352,False
AWGN__pn-severe,5.0,1,0,False,True,14.622986163548866,False,0.054697049736976644,False
AWGN__pn-severe,5.0,1,1,False,False,17.34052715027897,False,0.01833710896968843,False
AWGN__pn-severe,5.0,1,2,False,False,15.03151173222791,False,0.03687719762325281,False
AWGN__pn-severe,5.0,1,3,False,True,14.749101080956509,False,0.042233430385589577,False
AWGN__pn-severe,5.0,1,4,False,False,15.023939120891297,False,0.032723550796508794,False
AWGN__pn-severe,5.0,1,5,False,False,14.924978392690944,False,0.03822193109989169,False
AWGN__pn-severe,5.0,1,6,False,False,14.957779347045475,False,0.04577101838588715,False
AWGN__pn-severe,5.0,1,7,False,True,14.826629238061326,False,0.047072169661521945,False
AWGN__pn-severe,5.0,1,8,False,False,14.769786083127753,False,0.049381103038787844,False
AWGN__pn-severe,5.0,1,9,False,True,14.750197161816917,False,0.05642900276184082,False
AWGN__pn-severe,5.0,1,10,False,True,14.9530583658856,False,0.04511927473545074,False
AWGN__pn-severe,5.0,1,11,False,False,15.817728491788442,False,0.01783889675140382,False
AWGN__pn-severe,15.0,0,0,False,False,41.502788340968486,True,0.28670856428146363,True
AWGN__pn-severe,15.0,0,1,False,False,42.49258477116926,True,0.29589157819747924,True
AWGN__pn-severe,15.0,0,2,False,False,44.5980285191618,True,0.31321846234798434,True
AWGN__pn-severe,15.0,0,3,False,False,42.30855219770785,True,0.2795765573978424,True
AWGN__pn-severe,15.0,0,4,False,False,42.191790127251515,True,0.2713110952377319,True
AWGN__pn-severe,15.0,0,5,False,False,41.2714494335583,True,0.26838350582122794,True
AWGN__pn-severe,15.0,0,6,False,False,42.153581482422275,True,0.2894026532173156,True
AWGN__pn-severe,15.0,0,7,False,False,43.49501998324138,True,0.29566684257984155,True
AWGN__pn-severe,15.0,0,8,False,False,40.608868337224905,True,0.27177821552753445,True
AWGN__pn-severe,15.0,0,9,False,False,43.71117061387111,True,0.3039116388559341,True
AWGN__pn-severe,15.0,0,10,False,False,41.77529575098114,True,0.2825027742385864,True
AWGN__pn-severe,15.0,0,11,False,False,44.51112109080228,True,0.30218119645118713,True
AWGN__pn-severe,15.0,1,0,False,False,42.720211167402155,True,0.2988963817358017,True
AWGN__pn-severe,15.0,1,1,False,False,42.778324093921995,True,0.2856316468715667,True
AWGN__pn-severe,15.0,1,2,False,False,40.743151157039954,True,0.27173548460006713,True
AWGN__pn-severe,15.0,1,3,False,False,43.38409223818312,True,0.30053766381740565,True
AWGN__pn-severe,15.0,1,4,False,False,43.652566340640156,True,0.3063258184194565,True
AWGN__pn-severe,15.0,1,5,False,False,43.566782468431995,True,0.29591546583175654,True
AWGN__pn-severe,15.0,1,6,False,False,42.796782969678596,True,0.2881893185377121,True
AWGN__pn-severe,15.0,1,7,False,False,43.63742653634898,True,0.29502809083461756,True
AWGN__pn-severe,15.0,1,8,False,False,40.85211342166798,True,0.2544939725399018,True
AWGN__pn-severe,15.0,1,9,False,False,42.969975033731444,True,0.28354711091518403,True
AWGN__pn-severe,15.0,1,10,False,False,41.31383558805207,True,0.2786821905374527,True
AWGN__pn-severe,15.0,1,11,False,False,42.21999396491665,True,0.27868838798999784,True
AWGN__pn-severe,25.0,0,0,False,False,107.87918188312507,True,0.5877534455060959,True
AWGN__pn-severe,25.0,0,1,False,False,101.75519811305406,True,0.5740413657426834,True
AWGN__pn-severe,25.0,0,2,False,False,110.09272916165061,True,0.6024689733982087,True
AWGN__pn-severe,25.0,0,3,False,False,103.03543527754303,True,0.5880822073221207,True
AWGN__pn-severe,25.0,0,4,False,False,99.9923359483521,True,0.5687166354656219,True
AWGN__pn-severe,25.0,0,5,False,False,100.1752399802469,True,0.5550696606636047,True
AWGN__pn-severe,25.0,0,6,False,False,99.88796546989616,True,0.5607702248096466,True
AWGN__pn-severe,25.0,0,7,False,False,102.23144441948084,True,0.576193286895752,True
AWGN__pn-severe,25.0,0,8,False,False,101.39446747802508,True,0.5635517530441284,True
AWGN__pn-severe,25.0,0,9,False,False,102.28879285902079,True,0.575562532901764,True
AWGN__pn-severe,25.0,0,10,False,False,101.28958625298691,True,0.5647273833751678,True
AWGN__pn-severe,25.0,0,11,False,False,108.39530051288338,True,0.592993993639946,True
AWGN__pn-severe,25.0,1,0,False,False,106.11854660180727,True,0.5913236436843873,True
AWGN__pn-severe,25.0,1,1,False,False,106.11320399976856,True,0.5808208847045898,True
AWGN__pn-severe,25.0,1,2,False,False,103.40266388545884,True,0.5761680094003677,True
AWGN__pn-severe,25.0,1,3,False,False,106.30179375397711,True,0.5831577838659286,True
AWGN__pn-severe,25.0,1,4,False,False,103.26822721920887,True,0.57907324051857,True
AWGN__pn-severe,25.0,1,5,False,False,103.00145197539894,True,0.575642631649971,True
AWGN__pn-severe,25.0,1,6,False,False,99.5069471220613,True,0.5585927547216415,True
AWGN__pn-severe,25.0,1,7,False,False,103.32225478153248,True,0.5790333610773086,True
AWGN__pn-severe,25.0,1,8,False,False,100.29596561032999,True,0.5604139602184296,True
AWGN__pn-severe,25.0,1,9,False,False,104.47818176079426,True,0.5851954967975617,True
AWGN__pn-severe,25.0,1,10,False,False,99.62766007846045,True,0.5646669274568558,True
AWGN__pn-severe,25.0,1,11,False,False,106.12311678343923,True,0.574141027212143,True
TDLA30-10__cfo-mild,5.0,0,0,False,False,8.907238688837639,False,0.022063925862312317,False
TDLA30-10__cfo-mild,5.0,0,1,False,False,9.983093308608574,False,0.04375062590837475,False
TDLA30-10__cfo-mild,5.0,0,2,False,False,13.387647048225816,False,0.026334025144577056,False
TDLA30-10__cfo-mild,5.0,0,3,False,False,8.085080011833924,False,0.007306650280952454,False
TDLA30-10__cfo-mild,5.0,0,4,False,False,7.683108344003234,False,0.015228292107582031,False
TDLA30-10__cfo-mild,5.0,0,5,False,False,9.172780347838142,False,0.03680669474601739,False
TDLA30-10__cfo-mild,5.0,0,6,False,False,9.615145560281478,False,0.036846050918102224,False
TDLA30-10__cfo-mild,5.0,0,7,False,False,8.531500130588032,False,0.02835382020473476,False
TDLA30-10__cfo-mild,5.0,0,8,False,False,9.048045310512073,False,0.025069514274597138,False
TDLA30-10__cfo-mild,5.0,0,9,False,False,10.387343905836818,False,0.03071305286884307,False
TDLA30-10__cfo-mild,5.0,0,10,False,False,14.408431861879222,False,0.019771294683218033,False
TDLA30-10__cfo-mild,5.0,0,11,False,False,9.750401655977296,False,0.020027338147163398,False
TDLA30-10__cfo-mild,5.0,1,0,False,False,9.887856945835926,False,0.015141896188259119,False
TDLA30-10__cfo-mild,5.0,1,1,False,False,14.747764268385696,False,0.033415251761674925,False
TDLA30-10__cfo-mild,5.0,1,2,False,False,7.541051404711968,False,0.0069086263179778395,False
TDLA30-10__cfo-mild,5.0,1,3,False,False,7.517148972462124,False,0.027096600294113093,False
TDLA30-10__cfo-mild,5.0,1,4,False,False,8.457055076701472,False,0.03211286646127698,False
TDLA30-10__cfo-mild,5.0,1,5,False,False,7.683667711299449,False,0.022122605681419327,False
TDLA30-10__cfo-mild,5.0,1,6,False,False,11.261691329123224,False,0.01008837249875072,False
TDLA30-10__cfo-mild,5.0,1,7,False,False,17.631574153655396,False,0.036753423124551765,False
TDLA30-10__cfo-mild,5.0,1,8,False,False,13.916985079839195,False,0.008851365029811875,False
TDLA30-10__cfo-mild,5.0,1,9,False,False,7.7806107321410485,False,0.00285396480560296,False
TDLA30-10__cfo-mild,5.0,1,10,False,False,12.366532145364664,False,0.027495919227600085,False
TDLA30-10__cfo-mild,5.0,1,11,False,False,10.094719752688539,False,0.028441772699356105,False
TDLA30-10__cfo-mild,15.0,0,0,False,False,6.219971251932406,False,0.015619926810264584,False
TDLA30-10__cfo-mild,15.0,0,1,False,False,4.853994904024077,False,0.021291221022605833,False
TDLA30-10__cfo-mild,15.0,0,2,False,False,5.593399328269136,False,0.03526685190200807,False
TDLA30-10__cfo-mild,15.0,0,3,False,False,5.5506155274355775,False,0.024655496001243504,False
TDLA30-10__cfo-mild,15.0,0,4,False,False,5.4149148168959895,False,0.012189935684204012,False
TDLA30-10__cfo-mild,15.0,0,5,False,False,4.838909660787647,False,0.007732676148414552,False
TDLA30-10__cfo-mild,15.0,0,6,False,False,5.998542289665035,False,0.031478650450706414,False
TDLA30-10__cfo-mild,15.0,0,7,False,False,5.647310309804825,False,0.029375418424606337,False
TDLA30-10__cfo-mild,15.0,0,8,False,False,5.252567196162716,False,0.025637299776077205,False
TDLA30-10__cfo-mild,15.0,0,9,False,False,5.251633648987883,False,0.03149053859710693,False
TDLA30-10__cfo-mild,15.0,0,10,False,False,5.321421688336521,False,0.01826233971118918,False
TDLA30-10__cfo-mild,15.0,0,11,False,False,5.341510079196431,False,0.022112661600112826,False
TDLA30-10__cfo-mild,15.0,1,0,False,False,6.476035148950878,False,0.01555807888507843,False
TDLA30-10__cfo-mild,15.0,1,1,False,False,6.134321317885858,False,0.03036944019794463,False
TDLA30-10__cfo-mild,15.0,1,2,False,False,5.008541768311029,False,0.01236726379394526,False
TDLA30-10__cfo-mild,15.0,1,3,False,False,4.837866516455682,False,0.03340785706043237,False
TDLA30-10__cfo-mild,15.0,1,4,False,False,6.007015122722458,False,0.03597347700595854,False
TDLA30-10__cfo-mild,15.0,1,5,False,False,5.418736735243273,False,0.03624653398990629,False
TDLA30-10__cfo-mild,15.0,1,6,False,False,4.8082651312198745,False,0.008598978161811766,False
TDLA30-10__cfo-mild,15.0,1,7,False,False,5.392005698657703,False,0.0002916457653044935,False
TDLA30-10__cfo-mild,15.0,1,8,False,False,5.418448671931524,False,0.01220861041545862,False
TDLA30-10__cfo-mild,15.0,1,9,False,False,5.259225476661968,False,0.014543043851852344,False
TDLA30-10__cfo-mild,15.0,1,10,False,False,4.8461002980891035,False,0.0038049678802489773,False
TDLA30-10__cfo-mild,15.0,1,11,False,False,6.677584422380192,False,0.04847219526767732,False
TDLA30-10__cfo-mild,25.0,0,0,False,False,12.148115725848536,False,0.0010654624700546789,False
TDLA30-10__cfo-mild,25.0,0,1,False,False,8.19805203279516,False,0.020572709679603562,False
TDLA30-10__cfo-mild,25.0,0,2,False,False,8.930131566038565,False,0.023025571584701532,False
TDLA30-10__cfo-mild,25.0,0,3,False,False,8.11721173136027,False,0.01751953923702232,False
TDLA30-10__cfo-mild,25.0,0,4,False,False,8.814988417709309,False,0.015582055687904273,False
TDLA30-10__cfo-mild,25.0,0,5,False,False,7.725267740400512,False,0.012685740232467602,False
TDLA30-10__cfo-mild,25.0,0,6,False,False,9.575003292457604,False,0.009308972001075722,False
TDLA30-10__cfo-mild,25.0,0,7,False,False,7.704752213467802,False,0.005885078430175716,False
TDLA30-10__cfo-mild,25.0,0,8,False,False,7.526847294548184,False,0.014195054769515991,False
TDLA30-10__cfo-mild,25.0,0,9,False,False,7.719339334986187,False,0.005462275147438023,False
TDLA30-10__cfo-mild,25.0,0,10,False,False,8.3897697419881,False,0.007288909912109287,False
TDLA30-10__cfo-mild,25.0,0,11,False,False,8.906495554660756,False,0.008375639796256995,False
TDLA30-10__cfo-mild,25.0,1,0,False,False,11.628935855782988,False,0.01022181808948508,False
TDLA30-10__cfo-mild,25.0,1,1,False,False,7.528019138051007,False,0.015160704851150508,False
TDLA30-10__cfo-mild,25.0,1,2,False,False,6.762911376717582,False,0.008917423844337469,False
TDLA30-10__cfo-mild,25.0,1,3,False,False,7.937963951104267,False,0.01699306070804596,False
TDLA30-10__cfo-mild,25.0,1,4,False,False,8.448182800418293,False,0.02176812481880186,False
TDLA30-10__cfo-mild,25.0,1,5,False,False,9.36764781630637,False,0.017469112873077397,False
TDLA30-10__cfo-mild,25.0,1,6,False,False,9.22865657921555,False,0.005193113923072756,False
TDLA30-10__cfo-mild,25.0,1,7,False,False,6.67691931935986,False,0.016030736446380534,False
TDLA30-10__cfo-mild,25.0,1,8,False,False,6.124366503068232,False,0.0073381828069686295,False
TDLA30-10__cfo-mild,25.0,1,9,False,False,8.3206551342863,False,0.00393707633018503,False
TDLA30-10__cfo-mild,25.0,1,10,False,False,7.334850341892659,False,0.021699518680572516,False
TDLA30-10__cfo-mild,25.0,1,11,False,False,9.986293042407137,False,0.012592928886413501,False
TDLA30-10__cfo-moderate,5.0,0,0,False,False,11.455591849290009,False,0.02919351154565808,False
TDLA30-10__cfo-moderate,5.0,0,1,False,False,11.16618859674359,False,0.026925814986228924,False
TDLA30-10__cfo-moderate,5.0,0,2,False,False,10.94014507542105,False,0.028863769471645373,False
TDLA30-10__cfo-moderate,5.0,0,3,False,False,16.680615482628628,False,0.013653519213199683,False
TDLA30-10__cfo-moderate,5.0,0,4,False,False,10.667860407354288,False,0.0070598926544188645,False
TDLA30-10__cfo-moderate,5.0,0,5,False,False,19.036705584936666,False,0.034758266016840955,False
TDLA30-10__cfo-moderate,5.0,0,6,False,False,11.034423486881272,False,0.01803770411014549,False
TDLA30-10__cfo-moderate,5.0,0,7,False,False,8.922823013196957,False,0.04308396565914152,False
TDLA30-10__cfo-moderate,5.0,0,8,False,False,8.911622783512549,False,0.007320092082023555,False
TDLA30-10__cfo-moderate,5.0,0,9,False,False,10.098724555140729,False,0.04195920062065128,False
TDLA30-10__cfo-moderate,5.0,0,10,False,False,13.736143353610318,False,0.015387876838445669,False
TDLA30-10__cfo-moderate,5.0,0,11,False,False,8.17410893669799,False,0.021122921228408753,False
TDLA30-10__cfo-moderate,5.0,1,0,False,False,8.277579267068065,False,0.026626738548278794,False
TDLA30-10__cfo-moderate,5.0,1,1,False,False,18.459450223364268,False,0.03857147371768954,False
TDLA30-10__cfo-moderate,5.0,1,2,False,False,10.526737774607302,False,0.011913063406944202,False
TDLA30-10__cfo-moderate,5.0,1,3,False,False,13.186320332061593,False,0.02103651449084276,False
TDLA30-10__cfo-moderate,5.0,1,4,False,False,11.704691429586408,False,0.026179584503173814,False
TDLA30-10__cfo-moderate,5.0,1,5,False,False,10.477996745015476,False,0.033440152406692514,False
TDLA30-10__cfo-moderate,5.0,1,6,False,False,8.347429533928324,False,0.011008175730705227,False
TDLA30-10__cfo-moderate,5.0,1,7,False,False,7.522577394732182,False,0.010621615648269578,False
TDLA30-10__cfo-moderate,5.0,1,8,False,False,10.603798668169818,False,0.04012976998090745,False
TDLA30-10__cfo-moderate,5.0,1,9,False,False,7.596751855719453,False,0.007025271177291792,False
TDLA30-10__cfo-moderate,5.0,1,10,False,False,10.678481248405365,False,0.04570063072443009,False
TDLA30-10__cfo-moderate,5.0,1,11,False,False,8.076931990607072,False,0.007162323892116462,False
TDLA30-10__cfo-moderate,15.0,0,0,False,False,9.793709425317301,False,0.05925556135177612,False
TDLA30-10__cfo-moderate,15.0,0,1,False,False,8.741597947183955,False,0.03259679102897639,False
TDLA30-10__cfo-moderate,15.0,0,2,False,False,14.619396522653027,False,0.05034068787097934,False
TDLA30-10__cfo-moderate,15.0,0,3,False,False,9.18789644064263,False,0.024454051017761214,False
TDLA30-10__cfo-moderate,15.0,0,4,False,False,8.970308134252384,False,0.021201186895370427,False
TDLA30-10__cfo-moderate,15.0,0,5,False,False,6.948220428222943,False,0.03981814169883724,False
TDLA30-10__cfo-moderate,15.0,0,6,False,False,6.284899981328337,False,0.03275724136829372,False
TDLA30-10__cfo-moderate,15.0,0,7,False,False,6.433618458854909,False,0.047160298824310276,False
TDLA30-10__cfo-moderate,15.0,0,8,False,False,7.928016941555733,False,0.045267628073692334,False
TDLA30-10__cfo-moderate,15.0,0,9,False,False,8.443998842020903,False,0.03895891499519344,False
TDLA30-10__cfo-moderate,15.0,0,10,False,False,8.425562488105955,False,0.029896741390228243,False
TDLA30-10__cfo-moderate,15.0,0,11,False,False,9.188623007206433,False,0.039577133893966665,False
TDLA30-10__cfo-moderate,15.0,1,0,False,False,8.471678509236517,False,0.04120297706127163,False
TDLA30-10__cfo-moderate,15.0,1,1,False,False,7.966804605446627,False,0.054138864874839765,False
TDLA30-10__cfo-moderate,15.0,1,2,False,False,6.754747709862529,False,0.020740061402320875,False
TDLA30-10__cfo-moderate,15.0,1,3,False,False,8.288106937041354,False,0.047013272047042864,False
TDLA30-10__cfo-moderate,15.0,1,4,False,False,7.66086219552928,False,0.03777983009815211,False
TDLA30-10__cfo-moderate,15.0,1,5,False,False,7.442826377600346,False,0.04397759187221528,False
TDLA30-10__cfo-moderate,15.0,1,6,False,False,7.559270403002994,False,0.022795408487319868,False
TDLA30-10__cfo-moderate,15.0,1,7,False,False,7.9799290791425275,False,0.04083064436912531,False
TDLA30-10__cfo-moderate,15.0,1,8,False,False,7.1547568989182295,False,0.03453852176666261,False
TDLA30-10__cfo-moderate,15.0,1,9,False,False,7.280845498241213,False,0.030766250014305108,False
TDLA30-10__cfo-moderate,15.0,1,10,False,False,5.203364526359159,False,0.03905983901023857,False
TDLA30-10__cfo-moderate,15.0,1,11,False,False,8.789700786853517,False,0.05484735620021819,False
TDLA30-10__cfo-moderate,25.0,0,0,False,False,11.74722049864017,False,0.030352599143981918,False
TDLA30-10__cfo-moderate,25.0,0,1,False,False,13.268288704749885,False,0.05002744388580327,False
TDLA30-10__cfo-moderate,25.0,0,2,False,False,25.348102664463905,False,0.06551216244697566,False
TDLA30-10__cfo-moderate,25.0,0,3,False,False,24.226529370302742,False,0.01999084591865541,False
TDLA30-10__cfo-moderate,25.0,0,4,False,False,21.280051227865183,False,0.03195221590995789,False
TDLA30-10__cfo-moderate,25.0,0,5,False,False,22.981041492138814,False,0.04436041140556335,False
TDLA30-10__cfo-moderate,25.0,0,6,False,False,24.541038402507407,False,0.038773671507835394,False
TDLA30-10__cfo-moderate,25.0,0,7,False,False,24.818080154052986,False,0.029721243500709482,False
TDLA30-10__cfo-moderate,25.0,0,8,False,False,26.644097782481843,True,0.041504932165145836,False
TDLA30-10__cfo-moderate,25.0,0,9,False,False,26.33787473755115,True,0.04501588022708891,False
TDLA30-10__cfo-moderate,25.0,0,10,False,False,30.103543992434478,True,0.024487794518470718,False
TDLA30-10__cfo-moderate,25.0,0,11,False,False,29.496941510483097,True,0.032980560898780764,False
TDLA30-10__cfo-moderate,25.0,1,0,False,False,16.121342849505485,False,0.024545596241950962,False
TDLA30-10__cfo-moderate,25.0,1,1,False,False,11.637235782523556,False,0.041786176919937135,False
TDLA30-10__cfo-moderate,25.0,1,2,False,False,9.464244055791784,False,0.02864029383659361,False
TDLA30-10__cfo-moderate,25.0,1,3,False,False,13.579445940718585,False,0.04384426188468926,False
TDLA30-10__cfo-moderate,25.0,1,4,False,False,11.792727975958627,False,0.04223612523078912,False
TDLA30-10__cfo-moderate,25.0,1,5,False,False,10.57146366380121,False,0.0379456959962845,False
TDLA30-10__cfo-moderate,25.0,1,6,False,False,10.847713271816268,False,0.03393982172012322,False
TDLA30-10__cfo-moderate,25.0,1,7,False,False,10.882184550557486,False,0.04183039450645443,False
TDLA30-10__cfo-moderate,25.0,1,8,False,False,10.850440261868986,False,0.020719548106193475,False
TDLA30-10__cfo-moderate,25.0,1,9,False,False,10.070153508440791,False,0.033526550173759384,False
TDLA30-10__cfo-moderate,25.0,1,10,False,False,9.542864292523925,False,0.04050791263580322,False
TDLA30-10__cfo-moderate,25.0,1,11,False,False,12.052892805580788,False,0.044760461807250906,False
TDLA30-10__cfo-severe,5.0,0,0,False,False,7.901216801934088,False,0.01822257518768311,False
TDLA30-10__cfo-severe,5.0,0,1,False,False,9.251372393701818,False,0.04759682667255405,False
TDLA30-10__cfo-severe,5.0,0,2,False,False,7.990200502813337,False,0.052128782510757476,False
TDLA30-10__cfo-severe,5.0,0,3,False,False,8.0672876333319,False,0.011867358684539697,False
TDLA30-10__cfo-severe,5.0,0,4,False,False,11.423070585441014,False,0.019128271460533086,False
TDLA30-10__cfo-severe,5.0,0,5,False,False,14.833145249113889,False,0.027136170834302975,False
TDLA30-10__cfo-severe,5.0,0,6,False,False,13.309870564268993,False,0.02874320709705347,False
TDLA30-10__cfo-severe,5.0,0,7,False,False,8.787672256948085,False,0.019400727748870805,False
TDLA30-10__cfo-severe,5.0,0,8,False,False,7.731984622612441,False,0.022153501987457247,False
TDLA30-10__cfo-severe,5.0,0,9,False,False,9.569161088107494,False,0.029053123474121034,False
TDLA30-10__cfo-severe,5.0,0,10,False,False,7.8550824546826705,False,0.022309477090835528,False
TDLA30-10__cfo-severe,5.0,0,11,False,False,10.535313188787327,False,0.030723785758018485,False
TDLA30-10__cfo-severe,5.0,1,0,False,False,8.365848061922094,False,0.018284061670303275,False
TDLA30-10__cfo-severe,5.0,1,1,False,False,9.426836295757887,False,0.039013046979904153,False
TDLA30-10__cfo-severe,5.0,1,2,False,False,9.1832685881276,False,0.021671833753585834,False
TDLA30-10__cfo-severe,5.0,1,3,False,False,8.457168738448262,False,0.03334550738334652,False
TDLA30-10__cfo-severe,5.0,1,4,False,False,8.949139843475013,False,0.03471544289588924,False
TDLA30-10__cfo-severe,5.0,1,5,False,False,22.785702683231893,False,0.052466236948966904,False
TDLA30-10__cfo-severe,5.0,1,6,False,False,9.678722541168256,False,0.005865508437156608,False
TDLA30-10__cfo-severe,5.0,1,7,False,False,8.494747174417949,False,0.013305151343345645,False
TDLA30-10__cfo-severe,5.0,1,8,False,False,8.718015209087048,False,0.024638324141502355,False
TDLA30-10__cfo-severe,5.0,1,9,False,False,10.563807821197743,False,0.03116138589382167,False
TDLA30-10__cfo-severe,5.0,1,10,False,False,17.2178854479308,False,0.011367144539952245,False
TDLA30-10__cfo-severe,5.0,1,11,False,False,23.198883944671692,False,0.03219108164310458,False
TDLA30-10__cfo-severe,15.0,0,0,False,False,14.648954185938067,False,0.07119714033603664,False
TDLA30-10__cfo-severe,15.0,0,1,False,False,16.753872690182842,False,0.04939363157749177,False
TDLA30-10__cfo-severe,15.0,0,2,False,False,23.67919952986913,False,0.04987635302543636,False
TDLA30-10__cfo-severe,15.0,0,3,False,False,17.028256431597743,False,0.025158893823623574,False
TDLA30-10__cfo-severe,15.0,0,4,False,False,17.14502361760183,False,0.0370398260354996,False
TDLA30-10__cfo-severe,15.0,0,5,False,False,12.816179532218435,False,0.03601261591911309,False
TDLA30-10__cfo-severe,15.0,0,6,False,False,21.640638349476983,False,0.0639099400043488,False
TDLA30-10__cfo-severe,15.0,0,7,False,False,20.497217165287104,False,0.030590362787246694,False
TDLA30-10__cfo-severe,15.0,0,8,False,False,19.074146077414202,False,0.041967595696449256,False
TDLA30-10__cfo-severe,15.0,0,9,False,False,17.934774570110225,False,0.05645663201808926,False
TDLA30-10__cfo-severe,15.0,0,10,False,False,23.593995935122162,False,0.03632636642456055,False
TDLA30-10__cfo-severe,15.0,0,11,False,False,22.090500595954115,False,0.035078575372695875,False
TDLA30-10__cfo-severe,15.0,1,0,False,False,15.009003097661596,False,0.07316444432735447,False
TDLA30-10__cfo-severe,15.0,1,1,False,False,22.129349673221977,False,0.05563310170173641,False
TDLA30-10__cfo-severe,15.0,1,2,False,False,21.867836192031355,False,0.0317865298986435,False
TDLA30-10__cfo-severe,15.0,1,3,False,False,18.092110585742258,False,0.039107205390930155,False
TDLA30-10__cfo-severe,15.0,1,4,False,False,21.5561519508394,False,0.042207538247108434,False
TDLA30-10__cfo-severe,15.0,1,5,False,False,20.34503852361968,False,0.04263054692745205,False
TDLA30-10__cfo-severe,15.0,1,6,False,False,22.5355348985131,False,0.037706875085830704,False
TDLA30-10__cfo-severe,15.0,1,7,False,False,19.26629554470203,False,0.03350147175788876,False
TDLA30-10__cfo-severe,15.0,1,8,False,False,16.4413407090114,False,0.03390713202953333,False
TDLA30-10__cfo-severe,15.0,1,9,False,False,23.071656310862437,False,0.04890707099437708,False
TDLA30-10__cfo-severe,15.0,1,10,False,False,20.352062183005778,False,0.03923377525806426,False
TDLA30-10__cfo-severe,15.0,1,11,False,False,24.863825985429983,False,0.05407958769798282,False
TDLA30-10__cfo-severe,25.0,0,0,False,True,51.29171731190115,True,0.24878782784938802,True
TDLA30-10__cfo-severe,25.0,0,1,False,True,66.84486714197561,True,0.35123719966411593,True
TDLA30-10__cfo-severe,25.0,0,2,False,True,55.42557563428056,True,0.3150225667953491,True
TDLA30-10__cfo-severe,25.0,0,3,False,True,73.78634172010705,True,0.38084842944145203,True
TDLA30-10__cfo-severe,25.0,0,4,False,True,56.67668878287208,True,0.3105648890733719,True
TDLA30-10__cfo-severe,25.0,0,5,False,False,45.124553496306284,True,0.2107592258453369,True
TDLA30-10__cfo-severe,25.0,0,6,False,True,43.328348205610034,True,0.1948488548994064,True
TDLA30-10__cfo-severe,25.0,0,7,False,True,55.4273578966287,True,0.3042317500114441,True
TDLA30-10__cfo-severe,25.0,0,8,False,True,54.0977082008812,True,0.2725023598670959,True
TDLA30-10__cfo-severe,25.0,0,9,False,True,61.73483667087743,True,0.33925471639633187,True
TDLA30-10__cfo-severe,25.0,0,10,False,True,45.963306689276536,True,0.21003104925155647,True
TDLA30-10__cfo-severe,25.0,0,11,False,True,63.70158972380532,True,0.3409521285295487,True
TDLA30-10__cfo-severe,25.0,1,0,False,True,68.25844885713747,True,0.38175987946987144,True
TDLA30-10__cfo-severe,25.0,1,1,False,True,51.41222039998811,True,0.2565750426054001,True
TDLA30-10__cfo-severe,25.0,1,2,False,True,61.82625152044322,True,0.3401917096376419,True
TDLA30-10__cfo-severe,25.0,1,3,False,True,63.23217655175959,True,0.33319218540191653,True
TDLA30-10__cfo-severe,25.0,1,4,False,True,56.093736034301955,True,0.31988066494464873,True
TDLA30-10__cfo-severe,25.0,1,5,False,True,74.17353645056929,True,0.4061115571260452,True
TDLA30-10__cfo-severe,25.0,1,6,False,True,52.13213088718194,True,0.2611684203147888,True
TDLA30-10__cfo-severe,25.0,1,7,False,True,57.73162079484461,True,0.305714808344841,True
TDLA30-10__cfo-severe,25.0,1,8,False,True,58.98543505632746,True,0.28762070453166955,True
TDLA30-10__cfo-severe,25.0,1,9,False,True,49.84652161304907,True,0.2654761984348297,True
TDLA30-10__cfo-severe,25.0,1,10,False,True,64.0948851916675,True,0.33268419766426094,True
TDLA30-10__cfo-severe,25.0,1,11,False,True,60.56376741402461,True,0.31990295588970186,True
TDLA30-10__clean,5.0,0,0,True,False,8.2913778810489,False,0.014624622821807876,False
TDLA30-10__clean,5.0,0,1,True,False,19.766642707535166,False,0.04207994523644443,False
TDLA30-10__clean,5.0,0,2,True,False,14.06869118966833,False,0.04500886714458463,False
TDLA30-10__clean,5.0,0,3,True,False,9.271483553569624,False,0.001377758145332253,False
TDLA30-10__clean,5.0,0,4,True,False,9.836549471544558,False,0.006075986146926837,False
TDLA30-10__clean,5.0,0,5,True,False,7.474621535359988,False,0.009591078758239724,False
TDLA30-10__clean,5.0,0,6,True,False,8.49778381157536,False,0.020952620387077348,False
TDLA30-10__clean,5.0,0,7,True,False,9.428204261762584,False,0.031094970941543565,False
TDLA30-10__clean,5.0,0,8,True,False,8.799054221224111,False,0.04088877165317528,False
TDLA30-10__clean,5.0,0,9,True,False,18.064137759846005,False,0.02522556632757189,False
TDLA30-10__clean,5.0,0,10,True,False,14.450273345405732,False,0.019592537939548516,False
TDLA30-10__clean,5.0,0,11,True,False,13.613195881989741,False,0.02650148326158519,False
TDLA30-10__clean,5.0,1,0,True,False,8.589074109892415,False,0.03114870107173917,False
TDLA30-10__clean,5.0,1,1,True,False,9.01989232352934,False,0.032127864480018586,False
TDLA30-10__clean,5.0,1,2,True,False,10.635460095297729,False,0.028057575881481167,False
TDLA30-10__clean,5.0,1,3,True,False,12.058482760226102,False,0.03692246201634408,False
TDLA30-10__clean,5.0,1,4,True,False,11.09414474174923,False,0.0196473839282989,False
TDLA30-10__clean,5.0,1,5,True,False,7.240592762373615,False,0.015109741926193188,False
TDLA30-10__clean,5.0,1,6,True,False,7.820784600859842,False,0.018986058950424156,False
TDLA30-10__clean,5.0,1,7,True,False,10.192282587165925,False,0.04334759986400605,False
TDLA30-10__clean,5.0,1,8,True,False,7.388171144429419,False,0.01329456090927117,False
TDLA30-10__clean,5.0,1,9,True,False,9.386895123131179,False,0.035569660663604674,False
TDLA30-10__clean,5.0,1,10,True,False,8.666551830045462,False,0.029330368638038617,False
TDLA30-10__clean,5.0,1,11,True,False,8.404225986246445,False,0.029067496538162207,False
TDLA30-10__clean,15.0,0,0,True,False,5.907446333348447,False,0.027059321284294113,False
TDLA30-10__clean,15.0,0,1,True,False,5.078052583474998,False,0.00982888734340659,False
TDLA30-10__clean,15.0,0,2,True,False,6.664692004814537,False,0.04920712971687313,False
TDLA30-10__clean,15.0,0,3,True,False,5.513695311609918,False,0.010757757782936084,False
TDLA30-10__clean,15.0,0,4,True,False,5.466755295320203,False,0.0065927371978758975,False
TDLA30-10__clean,15.0,0,5,True,False,4.8182572593364075,False,0.0015838766098023038,False
TDLA30-10__clean,15.0,0,6,True,False,5.392221471314675,False,0.011709555149078343,False
TDLA30-10__clean,15.0,0,7,True,False,5.548697734905004,False,0.011478534460067746,False
TDLA30-10__clean,15.0,0,8,True,False,4.781940275597202,False,0.005455103158950703,False
TDLA30-10__clean,15.0,0,9,True,False,5.04925331651276,False,0.01370495462417598,False
TDLA30-10__clean,15.0,0,10,True,False,4.994218302671381,False,0.010790931105613688,False
TDLA30-10__clean,15.0,0,11,True,False,5.230344598391606,False,0.02412681710720055,False
TDLA30-10__clean,15.0,1,0,True,False,6.687730709224815,False,0.006906624436378461,False
TDLA30-10__clean,15.0,1,1,True,False,5.694695179101996,False,0.02610609054565427,False
TDLA30-10__clean,15.0,1,2,True,False,4.84282412268967,False,0.0014818043708800799,False
TDLA30-10__clean,15.0,1,3,True,False,5.434781263832343,False,0.03145678031444543,False
TDLA30-10__clean,15.0,1,4,True,False,5.147073468156613,False,0.03253987312316897,False
TDLA30-10__clean,15.0,1,5,True,False,5.318680403106001,False,0.03464270532131197,False
TDLA30-10__clean,15.0,1,6,True,False,5.926648143274286,False,0.014738032698631276,False
TDLA30-10__clean,15.0,1,7,True,False,6.321282331693191,False,0.02720064866542815,False
TDLA30-10__clean,15.0,1,8,True,False,4.838396715372361,False,0.0029698944091796076,False
TDLA30-10__clean,15.0,1,9,True,False,5.202115974337052,False,0.0073552561998366794,False
TDLA30-10__clean,15.0,1,10,True,False,4.787146549891986,False,0.004177135109901364,False
TDLA30-10__clean,15.0,1,11,True,False,6.252195266317225,False,0.03618756794929501,False
TDLA30-10__clean,25.0,0,0,True,False,12.714356710901491,False,0.016978080272674556,False
TDLA30-10__clean,25.0,0,1,True,False,7.377706269268747,False,0.00403484761714934,False
TDLA30-10__clean,25.0,0,2,True,False,10.030835648271593,False,0.017765681266784683,False
TDLA30-10__clean,25.0,0,3,True,False,7.236738683660311,False,0.005231846451759337,False
TDLA30-10__clean,25.0,0,4,True,False,8.510100211956276,False,0.031730180621147186,False
TDLA30-10__clean,25.0,0,5,True,False,6.744749127342835,False,0.007783733725547748,False
TDLA30-10__clean,25.0,0,6,True,False,7.709965849743058,False,0.00694367921352379,False
TDLA30-10__clean,25.0,0,7,True,False,8.002750898492216,False,0.007748274207115102,False
TDLA30-10__clean,25.0,0,8,True,False,7.501350236461196,False,0.004704489350318863,False
TDLA30-10__clean,25.0,0,9,True,False,8.040111762550326,False,0.003253228187561019,False
TDLA30-10__clean,25.0,0,10,True,False,8.156737157331028,False,0.02265681743621828,False
TDLA30-10__clean,25.0,0,11,True,False,7.260424226163674,False,0.0008731673955917341,False
TDLA30-10__clean,25.0,1,0,True,False,11.791963675251745,False,0.025997075080871568,False
TDLA30-10__clean,25.0,1,1,True,False,9.218015321953843,False,0.009088131666183386,False
TDLA30-10__clean,25.0,1,2,True,False,6.371062818213195,False,0.007469716668128901,False
TDLA30-10__clean,25.0,1,3,True,False,8.147781520615547,False,0.002736653327941818,False
TDLA30-10__clean,25.0,1,4,True,False,8.462067431304108,False,3.258252143867324e-05,False
TDLA30-10__clean,25.0,1,5,True,False,8.493783637963535,False,0.00021967935562139385,False
TDLA30-10__clean,25.0,1,6,True,False,6.596455893069453,False,0.015425382971763546,False
TDLA30-10__clean,25.0,1,7,True,False,8.062018274062316,False,0.0006541692018509071,False
TDLA30-10__clean,25.0,1,8,True,False,7.602039285877945,False,0.016262402057647618,False
TDLA30-10__clean,25.0,1,9,True,False,8.446788442086428,False,0.020923209547996535,False
TDLA30-10__clean,25.0,1,10,True,False,7.149374185908554,False,0.007139858245849506,False
TDLA30-10__clean,25.0,1,11,True,False,7.3797435497170945,False,0.0013611788749694487,False
TDLA30-10__iq-mild,5.0,0,0,False,False,9.354054061927563,False,0.018590732157230394,False
TDLA30-10__iq-mild,5.0,0,1,False,False,8.572167517605209,False,0.03596037781238559,False
TDLA30-10__iq-mild,5.0,0,2,False,False,7.040570430006311,False,0.031182583451271007,False
TDLA30-10__iq-mild,5.0,0,3,False,False,8.902300915612534,False,0.021111097812652524,False
TDLA30-10__iq-mild,5.0,0,4,False,False,18.25854427820774,False,0.015093915909528688,False
TDLA30-10__iq-mild,5.0,0,5,False,False,9.122438879737459,False,0.0024055101871489626,False
TDLA30-10__iq-mild,5.0,0,6,False,False,8.988169847851404,False,0.02771204134821892,False
TDLA30-10__iq-mild,5.0,0,7,False,False,10.974929792391777,False,0.014003752768039668,False
TDLA30-10__iq-mild,5.0,0,8,False,False,8.228672111003705,False,0.009734467864036533,False
TDLA30-10__iq-mild,5.0,0,9,False,False,9.046454736666405,False,0.03367586892843244,False
TDLA30-10__iq-mild,5.0,0,10,False,False,8.966562467033146,False,0.028801775097846982,False
TDLA30-10__iq-mild,5.0,0,11,False,False,13.584406133485523,False,0.030912724196910824,False
TDLA30-10__iq-mild,5.0,1,0,False,False,8.051560663703292,False,0.024512062191963113,False
TDLA30-10__iq-mild,5.0,1,1,False,False,9.353272973941095,False,0.04266927313804625,False
TDLA30-10__iq-mild,5.0,1,2,False,False,18.69075041234301,False,0.017256777405738832,False
TDLA30-10__iq-mild,5.0,1,3,False,False,10.21711989858207,False,0.02246781384944918,False
TDLA30-10__iq-mild,5.0,1,4,False,False,19.11303429811214,False,0.014125920847058326,False
TDLA30-10__iq-mild,5.0,1,5,False,False,12.77086366597932,False,0.02357700958847997,False
TDLA30-10__iq-mild,5.0,1,6,False,False,8.71777594186589,False,0.0028640413284301003,False
TDLA30-10__iq-mild,5.0,1,7,False,False,8.647033664409921,False,0.030082617521285937,False
TDLA30-10__iq-mild,5.0,1,8,False,False,9.36212598235944,False,0.02734251999855042,False
TDLA30-10__iq-mild,5.0,1,9,False,False,9.089255752427054,False,0.01925656783580776,False
TDLA30-10__iq-mild,5.0,1,10,False,False,8.688100798704358,False,0.03158715867996209,False
TDLA30-10__iq-mild,5.0,1,11,False,False,13.905650436252479,False,0.04417300584912298,False
TDLA30-10__iq-mild,15.0,0,0,False,False,7.7357119344531275,False,0.03054550635814668,False
TDLA30-10__iq-mild,15.0,0,1,False,False,4.807061650369875,False,0.0236782314777374,False
TDLA30-10__iq-mild,15.0,0,2,False,False,5.619427783815132,False,0.03564373207092286,False
TDLA30-10__iq-mild,15.0,0,3,False,False,5.482457767419743,False,0.012423218011856085,False
TDLA30-10__iq-mild,15.0,0,4,False,False,4.766995097746402,False,0.0076075277328491175,False
TDLA30-10__iq-mild,15.0,0,5,False,False,5.922170282428865,False,0.03335334122180933,False
TDLA30-10__iq-mild,15.0,0,6,False,False,5.0924130683959525,False,0.014068815588951122,False
TDLA30-10__iq-mild,15.0,0,7,False,False,6.414540124065896,False,0.025399277329444803,False
TDLA30-10__iq-mild,15.0,0,8,False,False,5.289433330020359,False,0.024101529479026773,False
TDLA30-10__iq-mild,15.0,0,9,False,False,6.54959276319205,False,0.029616999268531785,False
TDLA30-10__iq-mild,15.0,0,10,False,False,5.1584035282034435,False,0.016387887716293292,False
TDLA30-10__iq-mild,15.0,0,11,False,False,5.520959889752193,False,0.011785069227218559,False
TDLA30-10__iq-mild,15.0,1,0,False,False,6.6776558278915,False,0.01599095797538752,False
TDLA30-10__iq-mild,15.0,1,1,False,False,7.269109329589623,False,0.04668699657917019,False
TDLA30-10__iq-mild,15.0,1,2,False,False,4.9722354444287635,False,0.00583575344085685,False
TDLA30-10__iq-mild,15.0,1,3,False,False,4.960768583763988,False,0.022851175069808938,False
TDLA30-10__iq-mild,15.0,1,4,False,False,4.2420349760097436,False,0.008767778396606363,False
TDLA30-10__iq-mild,15.0,1,5,False,False,4.976972407889443,False,0.016974514603614765,False
TDLA30-10__iq-mild,15.0,1,6,False,False,4.963640576381038,False,0.01186933827400205,False
TDLA30-10__iq-mild,15.0,1,7,False,False,6.86054585892863,False,0.040721087574958736,False
TDLA30-10__iq-mild,15.0,1,8,False,False,4.849433119801772,False,0.014216994762420554,False
TDLA30-10__iq-mild,15.0,1,9,False,False,5.940121062917995,False,0.02072046494483948,False
TDLA30-10__iq-mild,15.0,1,10,False,False,4.983626950771495,False,0.00021998751163476715,False
TDLA30-10__iq-mild,15.0,1,11,False,False,5.810035978679669,False,0.0315118933916092,False
TDLA30-10__iq-mild,25.0,0,0,False,False,10.750032758632573,False,0.0023635199069976798,False
TDLA30-10__iq-mild,25.0,0,1,False,False,9.305320157859708,False,0.024470606803894013,False
TDLA30-10__iq-mild,25.0,0,2,False,False,11.394138904246848,False,0.025288813352584816,False
TDLA30-10__iq-mild,25.0,0,3,False,False,7.405034578360748,False,0.0033940989971161795,False
TDLA30-10__iq-mild,25.0,0,4,False,False,9.857018488739094,False,0.002532735228538474,False
TDLA30-10__iq-mild,25.0,0,5,False,False,9.025496401499637,False,0.013381703972816461,False
TDLA30-10__iq-mild,25.0,0,6,False,False,9.389096876354689,False,0.006801444530487033,False
TDLA30-10__iq-mild,25.0,0,7,False,False,8.018151967497719,False,0.017233263969421375,False
TDLA30-10__iq-mild,25.0,0,8,False,False,8.612685533086044,False,0.005519469976425162,False
TDLA30-10__iq-mild,25.0,0,9,False,False,8.738566470985909,False,0.025439960956573415,False
TDLA30-10__iq-mild,25.0,0,10,False,False,6.80185838551745,False,0.010192925572395262,False
TDLA30-10__iq-mild,25.0,0,11,False,False,7.340008050406402,False,2.3772716522318937e-05,False
TDLA30-10__iq-mild,25.0,1,0,False,False,11.529453276329884,False,0.01075907146930688,False
TDLA30-10__iq-mild,25.0,1,1,False,False,10.477403701790056,False,0.02770235335826876,False
TDLA30-10__iq-mild,25.0,1,2,False,False,9.405303422093905,False,0.016903177261352487,False
TDLA30-10__iq-mild,25.0,1,3,False,False,8.095140871909749,False,0.01990882873535149,False
TDLA30-10__iq-mild,25.0,1,4,False,False,8.104821024581227,False,0.018572895169258086,False
TDLA30-10__iq-mild,25.0,1,5,False,False,8.189229736051123,False,0.02154057037830348,False
TDLA30-10__iq-mild,25.0,1,6,False,False,6.709187818165301,False,0.001310696721076865,False
TDLA30-10__iq-mild,25.0,1,7,False,False,6.985827896091257,False,0.003512388467788674,False
TDLA30-10__iq-mild,25.0,1,8,False,False,7.328549369801726,False,0.005914355993270837,False
TDLA30-10__iq-mild,25.0,1,9,False,False,8.10090872398422,False,0.002309975981712342,False
TDLA30-10__iq-mild,25.0,1,10,False,False,6.8132059843216615,False,0.007819392323493934,False
TDLA30-10__iq-mild,25.0,1,11,False,False,8.732525815165799,False,0.021233184218406698,False
TDLA30-10__iq-moderate,5.0,0,0,False,False,9.114380240021065,False,0.015952337443828513,False
TDLA30-10__iq-moderate,5.0,0,1,False,False,8.230467983531558,False,0.04011964130401613,False
TDLA30-10__iq-moderate,5.0,0,2,False,False,14.847301889548222,False,0.04558795529603965,False
TDLA30-10__iq-moderate,5.0,0,3,False,False,9.46431813020927,False,0.001066215276718241,False
TDLA30-10__iq-moderate,5.0,0,4,False,False,11.149848409455547,False,0.015417304217815397,False
TDLA30-10__iq-moderate,5.0,0,5,False,False,34.99368924915135,True,0.030374492257833507,False
TDLA30-10__iq-moderate,5.0,0,6,False,False,9.368330282103152,False,0.0025818238258361603,False
TDLA30-10__iq-moderate,5.0,0,7,False,False,8.70099456475038,False,0.01845319938659662,False
TDLA30-10__iq-moderate,5.0,0,8,False,False,8.347118251567341,False,0.013851540684699959,False
TDLA30-10__iq-moderate,5.0,0,9,False,False,9.38134177785684,False,0.04856264257431031,False
TDLA30-10__iq-moderate,5.0,0,10,False,False,19.040679820471546,False,0.02225695149600504,False
TDLA30-10__iq-moderate,5.0,0,11,False,False,8.242961583596287,False,0.02530921542644493,False
TDLA30-10__iq-moderate,5.0,1,0,False,False,8.483410624664769,False,0.03220546257495882,False
TDLA30-10__iq-moderate,5.0,1,1,False,False,9.37995362318004,False,0.03144336879253384,False
TDLA30-10__iq-moderate,5.0,1,2,False,False,8.460403293587275,False,0.012301558494567821,False
TDLA30-10__iq-moderate,5.0,1,3,False,False,8.693819196689319,False,0.05214259922504427,False
TDLA30-10__iq-moderate,5.0,1,4,False,False,14.114250558859293,False,0.01711435243487358,False
TDLA30-10__iq-moderate,5.0,1,5,False,False,11.901265415482458,False,0.02882312023639677,False
TDLA30-10__iq-moderate,5.0,1,6,False,False,14.66320296323465,False,0.006996352374553649,False
TDLA30-10__iq-moderate,5.0,1,7,False,False,11.217443639238649,False,0.0069617063999175555,False
TDLA30-10__iq-moderate,5.0,1,8,False,False,14.336707096860177,False,0.01083681130409242,False
TDLA30-10__iq-moderate,5.0,1,9,False,False,12.068465729064199,False,0.0028782095909117844,False
TDLA30-10__iq-moderate,5.0,1,10,False,False,8.26170274830175,False,0.007512571692466663,False
TDLA30-10__iq-moderate,5.0,1,11,False,False,8.720958693573627,False,0.0587294503450394,False
TDLA30-10__iq-moderate,15.0,0,0,False,False,12.895898816158816,False,0.05591592657566069,False
TDLA30-10__iq-moderate,15.0,0,1,False,False,14.508727529946409,False,0.05993376100063319,False
TDLA30-10__iq-moderate,15.0,0,2,False,False,20.89254625855796,False,0.032739626884460415,False
TDLA30-10__iq-moderate,15.0,0,3,False,False,14.028653215566319,False,0.03132876074314117,False
TDLA30-10__iq-moderate,15.0,0,4,False,False,11.125094993189757,False,0.016265039324760422,False
TDLA30-10__iq-moderate,15.0,0,5,False,False,12.766220334122906,False,0.04387623417377473,False
TDLA30-10__iq-moderate,15.0,0,6,False,False,16.90763775244556,False,0.040812827825546294,False
TDLA30-10__iq-moderate,15.0,0,7,False,False,19.56638923098559,False,0.051545762777328474,False
TDLA30-10__iq-moderate,15.0,0,8,False,False,22.185421049920798,False,0.03060137355327608,False
TDLA30-10__iq-moderate,15.0,0,9,False,False,20.299116556796488,False,0.0476366808414459,False
TDLA30-10__iq-moderate,15.0,0,10,False,False,14.760461146229787,False,0.021403036952018728,False
TDLA30-10__iq-moderate,15.0,0,11,False,False,17.467265880293468,False,0.04148035621643065,False
TDLA30-10__iq-moderate,15.0,1,0,False,False,10.999743834361407,False,0.061279156327247564,False
TDLA30-10__iq-moderate,15.0,1,1,False,False,12.97885743766489,False,0.05122157585620879,False
TDLA30-10__iq-moderate,15.0,1,2,False,False,13.850780526813821,False,0.030017628431320165,False
TDLA30-10__iq-moderate,15.0,1,3,False,False,18.301698094074425,False,0.049473461031913746,False
TDLA30-10__iq-moderate,15.0,1,4,False,False,19.224177259228643,False,0.0390938494205475,False
TDLA30-10__iq-moderate,15.0,1,5,False,False,15.81657730446042,False,0.04036031806468965,False
TDLA30-10__iq-moderate,15.0,1,6,False,False,20.59568266178435,False,0.03263973641395568,False
TDLA30-10__iq-moderate,15.0,1,7,False,False,17.65280371593999,False,0.03361126232147216,False
TDLA30-10__iq-moderate,15.0,1,8,False,False,16.600973785756402,False,0.045460434556007345,False
TDLA30-10__iq-moderate,15.0,1,9,False,False,13.166653785514292,False,0.026683764934539722,False
TDLA30-10__iq-moderate,15.0,1,10,False,False,8.368370738075438,False,0.027665263295173603,False
TDLA30-10__iq-moderate,15.0,1,11,False,False,15.27243126063739,False,0.06033368575572973,False
TDLA30-10__iq-moderate,25.0,0,0,False,True,55.29829052652114,True,0.30289354217052455,True
TDLA30-10__iq-moderate,25.0,0,1,False,True,55.58801389531021,True,0.29534756016731256,True
TDLA30-10__iq-moderate,25.0,0,2,False,True,53.21492495263226,True,0.3022604986429215,True
TDLA30-10__iq-moderate,25.0,0,3,False,True,56.350509340851204,True,0.2991744824647904,True
TDLA30-10__iq-moderate,25.0,0,4,False,True,51.23125638866791,True,0.25845722758769984,True
TDLA30-10__iq-moderate,25.0,0,5,False,False,40.61446806473752,True,0.17797577452659608,True
TDLA30-10__iq-moderate,25.0,0,6,False,True,46.39949911797815,True,0.23442983937263495,True
TDLA30-10__iq-moderate,25.0,0,7,False,False,43.38081202888599,True,0.1959061774015427,True
TDLA30-10__iq-moderate,25.0,0,8,False,True,48.180670317088584,True,0.24815984439849847,True
TDLA30-10__iq-moderate,25.0,0,9,False,True,59.91047615306852,True,0.3423185158967972,True
TDLA30-10__iq-moderate,25.0,0,10,False,True,51.14329835679241,True,0.2730568687915802,True
TDLA30-10__iq-moderate,25.0,0,11,False,False,43.4085134321162,True,0.1972594335079193,True
TDLA30-10__iq-moderate,25.0,1,0,False,True,59.0534858573593,True,0.3289652316570282,True
TDLA30-10__iq-moderate,25.0,1,1,False,True,55.904839018864976,True,0.30063115227222437,True
TDLA30-10__iq-moderate,25.0,1,2,False,False,49.18845257412335,True,0.2343713421821595,True
TDLA30-10__iq-moderate,25.0,1,3,False,True,61.59014715375485,True,0.3364891905784607,True
TDLA30-10__iq-moderate,25.0,1,4,False,True,52.11518664596699,True,0.2921633147001267,True
TDLA30-10__iq-moderate,25.0,1,5,False,True,53.088027409169214,True,0.2802355614900589,True
TDLA30-10__iq-moderate,25.0,1,6,False,True,48.199736563861286,True,0.2302704908847809,True
TDLA30-10__iq-moderate,25.0,1,7,False,True,50.889258575646046,True,0.25039122641086575,True
TDLA30-10__iq-moderate,25.0,1,8,False,True,54.675036698353416,True,0.2973682023286819,True
TDLA30-10__iq-moderate,25.0,1,9,False,True,42.480738985430435,True,0.19211156260967255,True
TDLA30-10__iq-moderate,25.0,1,10,False,True,53.11522102860447,True,0.2942521389722824,True
TDLA30-10__iq-moderate,25.0,1,11,False,True,51.44352153444202,True,0.26433155477046966,True
TDLA30-10__iq-severe,5.0,0,0,False,False,8.077245073235273,False,0.026848799467086737,False
TDLA30-10__iq-severe,5.0,0,1,False,False,8.07731192938042,False,0.042638757228851354,False
TDLA30-10__iq-severe,5.0,0,2,False,False,15.621837409890105,False,0.06167977166175842,False
TDLA30-10__iq-severe,5.0,0,3,False,False,11.798019538847605,False,0.01810859596729275,False
TDLA30-10__iq-severe,5.0,0,4,False,False,14.305212386341383,False,0.026975437432527505,False
TDLA30-10__iq-severe,5.0,0,5,False,False,15.28502509834597,False,0.015189694881439175,False
TDLA30-10__iq-severe,5.0,0,6,False,False,9.916667115987874,False,0.02641912794113155,False
TDLA30-10__iq-severe,5.0,0,7,False,False,9.702507831319782,False,0.041091982960700935,False
TDLA30-10__iq-severe,5.0,0,8,False,False,11.226632692642658,False,0.0187699292898178,False
TDLA30-10__iq-severe,5.0,0,9,False,False,17.04969204438236,False,0.04327249054610727,False
TDLA30-10__iq-severe,5.0,0,10,False,False,20.545936919624932,False,0.03150783377885824,False
TDLA30-10__iq-severe,5.0,0,11,False,False,13.56298491839128,False,0.024223957300186116,False
TDLA30-10__iq-severe,5.0,1,0,False,False,9.47756585174854,False,0.03323670911788934,False
TDLA30-10__iq-severe,5.0,1,1,False,False,8.004732558278887,False,0.044142326593399006,False
TDLA30-10__iq-severe,5.0,1,2,False,False,9.25449373113023,False,0.010552212417125673,False
TDLA30-10__iq-severe,5.0,1,3,False,False,10.091120658382813,False,0.04751132369041444,False
TDLA30-10__iq-severe,5.0,1,4,False,False,13.486833555293295,False,0.022393183171749098,False
TDLA30-10__iq-severe,5.0,1,5,False,False,25.56751638279688,False,0.04691132189333436,False
TDLA30-10__iq-severe,5.0,1,6,False,False,14.971280792533973,False,0.020749232351779945,False
TDLA30-10__iq-severe,5.0,1,7,False,False,19.699598689823418,False,0.05274522419273853,False
TDLA30-10__iq-severe,5.0,1,8,False,False,16.73634903637154,False,0.016549037605524064,False
TDLA30-10__iq-severe,5.0,1,9,False,False,7.335839810533183,False,0.0025176167488097922,False
TDLA30-10__iq-severe,5.0,1,10,False,False,8.319904709075873,False,0.028852212309837366,False
TDLA30-10__iq-severe,5.0,1,11,False,False,8.396197662160777,False,0.037935294985771195,False
TDLA30-10__iq-severe,15.0,0,0,False,False,10.503760915907112,False,0.06355769824981694,False
TDLA30-10__iq-severe,15.0,0,1,False,False,21.79485997143974,False,0.09750842094421386,True
TDLA30-10__iq-severe,15.0,0,2,False,False,24.373170071029453,False,0.06652802133560176,False
TDLA30-10__iq-severe,15.0,0,3,False,False,24.24386247935917,False,0.0483706881999969,False
TDLA30-10__iq-severe,15.0,0,4,False,False,25.11453789481454,False,0.0729456806182861,False
TDLA30-10__iq-severe,15.0,0,5,False,False,20.46505726206302,False,0.04035234141349786,False
TDLA30-10__iq-severe,15.0,0,6,False,False,23.219919756702875,False,0.06123067092895507,False
TDLA30-10__iq-severe,15.0,0,7,False,False,24.76906484020574,False,0.06783260166645055,False
TDLA30-10__iq-severe,15.0,0,8,False,False,19.11253025363439,False,0.03640181875228876,False
TDLA30-10__iq-severe,15.0,0,9,False,False,26.278992500686414,True,0.10243450951576238,True
TDLA30-10__iq-severe,15.0,0,10,False,False,26.664444026784977,True,0.07651896739006048,False
TDLA30-10__iq-severe,15.0,0,11,False,False,22.566786546464957,False,0.042331969022750826,False
TDLA30-10__iq-severe,15.0,1,0,False,False,20.39906513730953,False,0.10775359141826635,True
TDLA30-10__iq-severe,15.0,1,1,False,False,24.005683763786816,False,0.05683816933631891,False
TDLA30-10__iq-severe,15.0,1,2,False,False,22.220132573722516,False,0.03963393592834474,False
TDLA30-10__iq-severe,15.0,1,3,False,False,22.2796813711023,False,0.05769638752937312,False
TDLA30-10__iq-severe,15.0,1,4,False,False,21.987626538350682,False,0.04507874298095704,False
TDLA30-10__iq-severe,15.0,1,5,False,False,23.824187282361606,False,0.06187892699241637,False
TDLA30-10__iq-severe,15.0,1,6,False,False,20.67065406046206,False,0.030767795801162734,False
TDLA30-10__iq-severe,15.0,1,7,False,False,22.638421479488773,False,0.09069303262233741,True
TDLA30-10__iq-severe,15.0,1,8,False,False,23.5531922494457,False,0.04866583120822909,False
TDLA30-10__iq-severe,15.0,1,9,False,False,22.187186279459173,False,0.043955529808998084,False
TDLA30-10__iq-severe,15.0,1,10,False,False,23.712562519258288,False,0.05508042311668393,False
TDLA30-10__iq-severe,15.0,1,11,False,False,23.840956855409814,False,0.0519965083599091,False
TDLA30-10__iq-severe,25.0,0,0,False,True,115.60577589692684,True,0.6464118996858597,True
TDLA30-10__iq-severe,25.0,0,1,False,True,105.01422563020913,True,0.6327429724931717,True
TDLA30-10__iq-severe,25.0,0,2,False,True,114.12722237850183,True,0.6486067268848419,True
TDLA30-10__iq-severe,25.0,0,3,False,True,101.04733695604156,True,0.6056961789131163,True
TDLA30-10__iq-severe,25.0,0,4,False,True,137.4498736764933,True,0.7169335029125213,True
TDLA30-10__iq-severe,25.0,0,5,False,True,125.19530675120646,True,0.677654926776886,True
TDLA30-10__iq-severe,25.0,0,6,False,True,110.29169053726172,True,0.6107007886171341,True
TDLA30-10__iq-severe,25.0,0,7,False,True,88.58032452124446,True,0.5471195179224014,True
TDLA30-10__iq-severe,25.0,0,8,False,True,110.49780327824519,True,0.6153235983848571,True
TDLA30-10__iq-severe,25.0,0,9,False,True,128.17296377301298,True,0.6831028913259506,True
TDLA30-10__iq-severe,25.0,0,10,False,True,102.54433278554906,True,0.591932078242302,True
TDLA30-10__iq-severe,25.0,0,11,False,True,124.19213139217814,True,0.6678638644218444,True
TDLA30-10__iq-severe,25.0,1,0,False,True,101.01431280797769,True,0.5823048864603043,True
TDLA30-10__iq-severe,25.0,1,1,False,True,103.20895110679716,True,0.6122429217100143,True
TDLA30-10__iq-severe,25.0,1,2,False,True,105.83542653385392,True,0.6105691093206405,True
TDLA30-10__iq-severe,25.0,1,3,False,True,84.80185052867627,True,0.5444333885908127,True
TDLA30-10__iq-severe,25.0,1,4,False,True,117.27949866279688,True,0.642435475587845,True
TDLA30-10__iq-severe,25.0,1,5,False,True,105.06776056339078,True,0.5879317131042481,True
TDLA30-10__iq-severe,25.0,1,6,False,True,95.50017279690078,True,0.5510000168085099,True
TDLA30-10__iq-severe,25.0,1,7,False,True,111.67517675042315,True,0.6301681152582168,True
TDLA30-10__iq-severe,25.0,1,8,False,True,101.03774915057191,True,0.57937579870224,True
TDLA30-10__iq-severe,25.0,1,9,False,True,136.19643182174582,True,0.7099375482797623,True
TDLA30-10__iq-severe,25.0,1,10,False,True,87.03141659244613,True,0.5498522565364837,True
TDLA30-10__iq-severe,25.0,1,11,False,True,125.31444605281163,True,0.6520224630832672,True
TDLA30-10__pa-mild,5.0,0,0,False,False,8.724230585799948,False,0.026753184199333147,False
TDLA30-10__pa-mild,5.0,0,1,False,False,9.031562659585981,False,0.04051608824729913,False
TDLA30-10__pa-mild,5.0,0,2,False,False,7.8992330676127684,False,0.04178915190696719,False
TDLA30-10__pa-mild,5.0,0,3,False,False,8.750221219379208,False,0.03368575596809387,False
TDLA30-10__pa-mild,5.0,0,4,False,False,8.665377293682257,False,0.019842014193534818,False
TDLA30-10__pa-mild,5.0,0,5,False,False,9.823142866604416,False,0.04040642297267916,False
TDLA30-10__pa-mild,5.0,0,6,False,False,7.945299224376562,False,0.027814402222633317,False
TDLA30-10__pa-mild,5.0,0,7,False,False,9.074616481192745,False,0.035712948083877594,False
TDLA30-10__pa-mild,5.0,0,8,False,False,8.587823871907176,False,0.021377310156822205,False
TDLA30-10__pa-mild,5.0,0,9,False,False,8.559853052313308,False,0.03930591857433319,False
TDLA30-10__pa-mild,5.0,0,10,False,False,12.09862991380494,False,0.03768903237581256,False
TDLA30-10__pa-mild,5.0,0,11,False,False,8.016919544337929,False,0.012355896592140203,False
TDLA30-10__pa-mild,5.0,1,0,False,False,10.379983114099062,False,0.02787022984027865,False
TDLA30-10__pa-mild,5.0,1,1,False,False,8.513375307019894,False,0.03245242261886594,False
TDLA30-10__pa-mild,5.0,1,2,False,False,12.430872137238808,False,0.029355389654636355,False
TDLA30-10__pa-mild,5.0,1,3,False,False,11.682478621100719,False,0.0071012600660324,False
TDLA30-10__pa-mild,5.0,1,4,False,False,13.647913317011499,False,0.047030679106712325,False
TDLA30-10__pa-mild,5.0,1,5,False,False,15.774878779713728,False,0.013633986085653249,False
TDLA30-10__pa-mild,5.0,1,6,False,False,7.504470915279138,False,0.022037937164306576,False
TDLA30-10__pa-mild,5.0,1,7,False,False,12.387559419818867,False,0.017259148180484796,False
TDLA30-10__pa-mild,5.0,1,8,False,False,7.581272588217472,False,0.013540716886520365,False
TDLA30-10__pa-mild,5.0,1,9,False,False,12.904522864824637,False,0.02287005853652957,False
TDLA30-10__pa-mild,5.0,1,10,False,False,9.210334114915423,False,0.001725001454353281,False
TDLA30-10__pa-mild,5.0,1,11,False,False,7.799053673749629,False,0.026824728131294218,False
TDLA30-10__pa-mild,15.0,0,0,False,False,8.473051613634569,False,0.026016044259071336,False
TDLA30-10__pa-mild,15.0,0,1,False,False,6.505757130355521,False,0.05693916535377497,False
TDLA30-10__pa-mild,15.0,0,2,False,False,10.596961220408769,False,0.04817538881301875,False
TDLA30-10__pa-mild,15.0,0,3,False,False,9.441293301155243,False,0.015102461218833851,False
TDLA30-10__pa-mild,15.0,0,4,False,False,5.986597920523094,False,0.02957233655452729,False
TDLA30-10__pa-mild,15.0,0,5,False,False,5.743788290042177,False,0.02878981292247773,False
TDLA30-10__pa-mild,15.0,0,6,False,False,7.647740517932933,False,0.05599340343475345,False
TDLA30-10__pa-mild,15.0,0,7,False,False,6.530492626517278,False,0.03566845774650573,False
TDLA30-10__pa-mild,15.0,0,8,False,False,9.37347096451237,False,0.04739525890350338,False
TDLA30-10__pa-mild,15.0,0,9,False,False,7.831176295398082,False,0.04784045803546899,False
TDLA30-10__pa-mild,15.0,0,10,False,False,8.888725197071448,False,0.03896683859825134,False
TDLA30-10__pa-mild,15.0,0,11,False,False,8.700357198050547,False,0.02056043994426726,False
TDLA30-10__pa-mild,15.0,1,0,False,False,5.104243968321746,False,0.016697430372238142,False
TDLA30-10__pa-mild,15.0,1,1,False,False,6.196083697157411,False,0.046223735332489024,False
TDLA30-10__pa-mild,15.0,1,2,False,False,4.980172130212126,False,0.024579114675521763,False
TDLA30-10__pa-mild,15.0,1,3,False,False,5.057099340150564,False,0.03553462433815002,False
TDLA30-10__pa-mild,15.0,1,4,False,False,5.998960680730845,False,0.04730259180068963,False
TDLA30-10__pa-mild,15.0,1,5,False,False,6.950483848299025,False,0.04442511856555942,False
TDLA30-10__pa-mild,15.0,1,6,False,False,6.3235860715512375,False,0.029100960731506365,False
TDLA30-10__pa-mild,15.0,1,7,False,False,5.680183830759987,False,0.025298329710960354,False
TDLA30-10__pa-mild,15.0,1,8,False,False,6.100424113073706,False,0.04004957234859463,False
TDLA30-10__pa-mild,15.0,1,9,False,False,8.153089222543871,False,0.04803731119632715,False
TDLA30-10__pa-mild,15.0,1,10,False,False,6.306721055249251,False,0.028104735374450684,False
TDLA30-10__pa-mild,15.0,1,11,False,False,7.857088994343291,False,0.05087051200866699,False
TDLA30-10__pa-mild,25.0,0,0,False,False,10.809093636268903,False,0.008237980246543875,False
TDLA30-10__pa-mild,25.0,0,1,False,False,7.441394266577071,False,0.026880996108055055,False
TDLA30-10__pa-mild,25.0,0,2,False,False,8.970082724464751,False,0.01767457962036134,False
TDLA30-10__pa-mild,25.0,0,3,False,False,7.503762679595233,False,0.0010574136972426595,False
TDLA30-10__pa-mild,25.0,0,4,False,False,6.844078204851113,False,0.002429521441459581,False
TDLA30-10__pa-mild,25.0,0,5,False,False,8.539976693888455,False,0.0010894612073898413,False
TDLA30-10__pa-mild,25.0,0,6,False,False,7.684486432045082,False,0.0017256453037260977,False
TDLA30-10__pa-mild,25.0,0,7,False,False,8.382085815910173,False,0.011219502091407763,False
TDLA30-10__pa-mild,25.0,0,8,False,False,6.865827217820662,False,0.0060608897209166734,False
TDLA30-10__pa-mild,25.0,0,9,False,False,8.075045509690879,False,0.02040368986129759,False
TDLA30-10__pa-mild,25.0,0,10,False,False,7.338660493785706,False,0.008182257294654827,False
TDLA30-10__pa-mild,25.0,0,11,False,False,8.477434239216125,False,0.006258142948150636,False
TDLA30-10__pa-mild,25.0,1,0,False,False,11.620068270778162,False,0.009748191118240324,False
TDLA30-10__pa-mild,25.0,1,1,False,False,7.444629652424834,False,0.02005743646621705,False
TDLA30-10__pa-mild,25.0,1,2,False,False,7.138266369674436,False,0.0008394281864165798,False
TDLA30-10__pa-mild,25.0,1,3,False,False,7.637159191771208,False,0.001187524676322993,False
TDLA30-10__pa-mild,25.0,1,4,False,False,10.544473804059395,False,0.016190170049667274,False
TDLA30-10__pa-mild,25.0,1,5,False,False,8.649113120189874,False,0.004449594020843439,False
TDLA30-10__pa-mild,25.0,1,6,False,False,6.532255856417665,False,0.007958008646964942,False
TDLA30-10__pa-mild,25.0,1,7,False,False,7.840002745773346,False,0.0016520196199416581,False
TDLA30-10__pa-mild,25.0,1,8,False,False,7.9195722240097925,False,0.01312646472454071,False
TDLA30-10__pa-mild,25.0,1,9,False,False,7.424745533208167,False,0.02732672381401058,False
TDLA30-10__pa-mild,25.0,1,10,False,False,6.597203259317788,False,0.018423449754714882,False
TDLA30-10__pa-mild,25.0,1,11,False,False,10.603996537499103,False,0.025795626878738376,False
TDLA30-10__pa-moderate,5.0,0,0,False,False,7.693251231876349,False,0.036968810319900514,False
TDLA30-10__pa-moderate,5.0,0,1,False,False,26.371809130780225,True,0.0711067920774221,False
TDLA30-10__pa-moderate,5.0,0,2,False,False,21.06226915658122,False,0.08071419647335998,True
TDLA30-10__pa-moderate,5.0,0,3,False,False,14.83126413273978,False,0.05429528164863584,False
TDLA30-10__pa-moderate,5.0,0,4,False,False,16.978464347460893,False,0.02700197631120682,False
TDLA30-10__pa-moderate,5.0,0,5,False,False,14.89440624835194,False,0.04578183686733239,False
TDLA30-10__pa-moderate,5.0,0,6,False,False,16.957534887571388,False,0.05722211480140693,False
TDLA30-10__pa-moderate,5.0,0,7,False,False,17.307981387304814,False,0.0421992318332195,False
TDLA30-10__pa-moderate,5.0,0,8,False,False,15.20780350470083,False,0.04162738204002381,False
TDLA30-10__pa-moderate,5.0,0,9,False,False,19.32826435773786,False,0.0687414383888244,False
TDLA30-10__pa-moderate,5.0,0,10,False,False,16.36732206897469,False,0.04626542192697525,False
TDLA30-10__pa-moderate,5.0,0,11,False,False,16.22077592492181,False,0.04484561491012573,False
TDLA30-10__pa-moderate,5.0,1,0,False,False,9.570530151576941,False,0.05624463307857519,False
TDLA30-10__pa-moderate,5.0,1,1,False,False,13.949943517534017,False,0.04818964529037473,False
TDLA30-10__pa-moderate,5.0,1,2,False,False,14.045625736883066,False,0.04463403439521785,False
TDLA30-10__pa-moderate,5.0,1,3,False,False,16.304246354355442,False,0.06389678573608404,False
TDLA30-10__pa-moderate,5.0,1,4,False,False,15.670550384479002,False,0.05316579234600072,False
TDLA30-10__pa-moderate,5.0,1,5,False,False,15.90663050498898,False,0.06179404002428057,False
TDLA30-10__pa-moderate,5.0,1,6,False,False,27.0771725077915,True,0.06291711352765561,False
TDLA30-10__pa-moderate,5.0,1,7,False,False,16.572927090994817,False,0.05750203964114187,False
TDLA30-10__pa-moderate,5.0,1,8,False,False,18.67273449868578,False,0.04648266899585729,False
TDLA30-10__pa-moderate,5.0,1,9,False,False,20.04535633661142,False,0.0521324671506882,False
TDLA30-10__pa-moderate,5.0,1,10,False,False,17.050380557857054,False,0.04863435104489333,False
TDLA30-10__pa-moderate,5.0,1,11,False,False,18.07129410020141,False,0.06002747857570645,False
TDLA30-10__pa-moderate,15.0,0,0,False,False,12.509199163507924,False,0.06444008231163023,False
TDLA30-10__pa-moderate,15.0,0,1,False,False,18.365766503670738,False,0.05043673026561735,False
TDLA30-10__pa-moderate,15.0,0,2,False,False,24.64902357345866,False,0.06236512231826785,False
TDLA30-10__pa-moderate,15.0,0,3,False,False,19.579981406292884,False,0.03212753820419312,False
TDLA30-10__pa-moderate,15.0,0,4,False,False,13.967591040776394,False,0.016773785114288287,False
TDLA30-10__pa-moderate,15.0,0,5,False,False,13.997173056142012,False,0.044334131002426114,False
TDLA30-10__pa-moderate,15.0,0,6,False,False,21.420853864299826,False,0.05325963866710659,False
TDLA30-10__pa-moderate,15.0,0,7,False,False,24.029857512642316,False,0.04478506922721859,False
TDLA30-10__pa-moderate,15.0,0,8,False,False,20.859798907537147,False,0.04046989500522613,False
TDLA30-10__pa-moderate,15.0,0,9,False,False,22.13043763277985,False,0.05490240442752836,False
TDLA30-10__pa-moderate,15.0,0,10,False,False,18.66618117581192,False,0.041175965428352335,False
TDLA30-10__pa-moderate,15.0,0,11,False,False,22.664031899495,False,0.03806383192539209,False
TDLA30-10__pa-moderate,15.0,1,0,False,False,11.399499442680758,False,0.07019860231876374,False
TDLA30-10__pa-moderate,15.0,1,1,False,False,17.645393233208015,False,0.05212468266487125,False
TDLA30-10__pa-moderate,15.0,1,2,False,False,21.811483564739653,False,0.032132964730262725,False
TDLA30-10__pa-moderate,15.0,1,3,False,False,18.599869026168015,False,0.04637167108058926,False
TDLA30-10__pa-moderate,15.0,1,4,False,False,22.53805630390728,False,0.037358621835708594,False
TDLA30-10__pa-moderate,15.0,1,5,False,False,23.54547560020852,False,0.05045740151405331,False
TDLA30-10__pa-moderate,15.0,1,6,False,False,19.734595608409748,False,0.0334471756219864,False
TDLA30-10__pa-moderate,15.0,1,7,False,False,18.985995029788814,False,0.0441947261095047,False
TDLA30-10__pa-moderate,15.0,1,8,False,False,22.542357748317844,False,0.036637780308723444,False
TDLA30-10__pa-moderate,15.0,1,9,False,False,21.131999685810136,False,0.03539916515350339,False
TDLA30-10__pa-moderate,15.0,1,10,False,False,14.505531847941104,False,0.045662928342819153,False
TDLA30-10__pa-moderate,15.0,1,11,False,False,19.082754648317806,False,0.03926947212219234,False
TDLA30-10__pa-moderate,25.0,0,0,False,False,39.413038334980314,True,0.13622134530544272,True
TDLA30-10__pa-moderate,25.0,0,1,False,True,44.113136414626176,True,0.14445668232440945,True
TDLA30-10__pa-moderate,25.0,0,2,False,False,44.9219645502792,True,0.1408567861318588,True
TDLA30-10__pa-moderate,25.0,0,3,False,False,39.73242513428787,True,0.07621469020843508,False
TDLA30-10__pa-moderate,25.0,0,4,False,False,41.874183815426136,True,0.10197661185264595,True
TDLA30-10__pa-moderate,25.0,0,5,False,False,44.29463206494001,True,0.1328348439931869,True
TDLA30-10__pa-moderate,25.0,0,6,False,False,43.45809406959369,True,0.12025172376632698,True
TDLA30-10__pa-moderate,25.0,0,7,False,False,50.17383772206033,True,0.18610235083103177,True
TDLA30-10__pa-moderate,25.0,0,8,False,False,46.91491677111489,True,0.16000973165035248,True
TDLA30-10__pa-moderate,25.0,0,9,False,False,43.45897054452829,True,0.1246283644437789,True
TDLA30-10__pa-moderate,25.0,0,10,False,False,38.57042960138745,True,0.07814765322208406,True
TDLA30-10__pa-moderate,25.0,0,11,False,False,42.637861282924035,True,0.1188590099811554,True
TDLA30-10__pa-moderate,25.0,1,0,False,False,41.7267748447476,True,0.12359859073162072,True
TDLA30-10__pa-moderate,25.0,1,1,False,False,46.370841431752325,True,0.1439093371629715,True
TDLA30-10__pa-moderate,25.0,1,2,False,False,42.71436988567184,True,0.10768809556961068,True
TDLA30-10__pa-moderate,25.0,1,3,False,False,48.07194073202336,True,0.15675007808208463,True
TDLA30-10__pa-moderate,25.0,1,4,False,False,41.02114409747947,True,0.11206818091869364,True
TDLA30-10__pa-moderate,25.0,1,5,False,False,41.131606206623275,True,0.11000551950931559,True
TDLA30-10__pa-moderate,25.0,1,6,False,True,50.47209559576548,True,0.17746534299850458,True
TDLA30-10__pa-moderate,25.0,1,7,False,False,46.11539645451893,True,0.15272302889823908,True
TDLA30-10__pa-moderate,25.0,1,8,False,False,44.05128818111327,True,0.10373171544075022,True
TDLA30-10__pa-moderate,25.0,1,9,False,False,42.81634010585264,True,0.10540258622169496,True
TDLA30-10__pa-moderate,25.0,1,10,False,False,46.18207734778034,True,0.1580621300935745,True
TDLA30-10__pa-moderate,25.0,1,11,False,False,46.03843234496402,True,0.1419408202171325,True
TDLA30-10__pa-severe,5.0,0,0,False,False,13.792475013501884,False,0.07502747458219527,False
TDLA30-10__pa-severe,5.0,0,1,False,False,16.611462754746263,False,0.11088865643739698,True
TDLA30-10__pa-severe,5.0,0,2,False,False,20.7350637400313,False,0.10097719648480408,True
TDLA30-10__pa-severe,5.0,0,3,False,False,16.30278398247126,False,0.088828832089901,True
TDLA30-10__pa-severe,5.0,0,4,False,False,17.21951683483136,False,0.07582880389690405,False
TDLA30-10__pa-severe,5.0,0,5,False,False,17.272946598968844,False,0.07560848763585093,False
TDLA30-10__pa-severe,5.0,0,6,False,False,16.526896321139425,False,0.09354487884044649,True
TDLA30-10__pa-severe,5.0,0,7,False,False,21.231502178370647,False,0.08692312699556348,True
TDLA30-10__pa-severe,5.0,0,8,False,False,15.957612702902578,False,0.072100140452385,False
TDLA30-10__pa-severe,5.0,0,9,False,False,20.401391915330773,False,0.11564987117052072,True
TDLA30-10__pa-severe,5.0,0,10,False,False,16.756240499691113,False,0.060238315284252164,False
TDLA30-10__pa-severe,5.0,0,11,False,False,22.73869117837278,False,0.09107241258025167,True
TDLA30-10__pa-severe,5.0,1,0,False,False,19.668861978298676,False,0.10019590334594253,True
TDLA30-10__pa-severe,5.0,1,1,False,False,16.155613059084857,False,0.08241489517688749,True
TDLA30-10__pa-severe,5.0,1,2,False,False,15.60175486763996,False,0.06508498144149777,False
TDLA30-10__pa-severe,5.0,1,3,False,False,33.499167367072864,True,0.12698972207307813,True
TDLA30-10__pa-severe,5.0,1,4,False,False,24.882924677733236,False,0.09326247438788415,True
TDLA30-10__pa-severe,5.0,1,5,False,False,18.072355136532284,False,0.0967324624061584,True
TDLA30-10__pa-severe,5.0,1,6,False,False,19.11803155579452,False,0.06987368100881575,False
TDLA30-10__pa-severe,5.0,1,7,False,False,17.25408977841886,False,0.07976855009794237,True
TDLA30-10__pa-severe,5.0,1,8,False,False,16.804247918207,False,0.07354050219058994,False
TDLA30-10__pa-severe,5.0,1,9,False,False,16.25863297421916,False,0.06038561582565305,False
TDLA30-10__pa-severe,5.0,1,10,False,False,16.112102760004486,False,0.09465221083164221,True
TDLA30-10__pa-severe,5.0,1,11,False,False,17.060256328956907,False,0.08712080144882206,True
TDLA30-10__pa-severe,15.0,0,0,False,False,27.271169219880846,True,0.11306104063987732,True
TDLA30-10__pa-severe,15.0,0,1,False,False,23.808084200440398,False,0.08483440148830412,True
TDLA30-10__pa-severe,15.0,0,2,False,False,27.19600845788322,True,0.11257613384723664,True
TDLA30-10__pa-severe,15.0,0,3,False,False,23.68316159051548,False,0.07440446794033051,False
TDLA30-10__pa-severe,15.0,0,4,False,False,21.91898897824811,False,0.057180760622024485,False
TDLA30-10__pa-severe,15.0,0,5,False,False,25.857404636628726,True,0.0881187032461167,True
TDLA30-10__pa-severe,15.0,0,6,False,False,25.114399357826393,False,0.09861212766170502,True
TDLA30-10__pa-severe,15.0,0,7,False,False,24.72991567641606,False,0.08999199879169462,True
TDLA30-10__pa-severe,15.0,0,8,False,False,22.644279235490306,False,0.07114674115180974,False
TDLA30-10__pa-severe,15.0,0,9,False,False,24.697395523646723,False,0.09938703417778016,True
TDLA30-10__pa-severe,15.0,0,10,False,False,25.681099408697392,True,0.09298911011219024,True
TDLA30-10__pa-severe,15.0,0,11,False,False,28.10138933139871,True,0.12612653422355646,True
TDLA30-10__pa-severe,15.0,1,0,False,False,21.104910229940955,False,0.09939530420303344,True
TDLA30-10__pa-severe,15.0,1,1,False,False,26.220911664861283,True,0.11608201253414163,True
TDLA30-10__pa-severe,15.0,1,2,False,False,22.347439200403986,False,0.06155581653118136,False
TDLA30-10__pa-severe,15.0,1,3,False,False,24.489655960243013,False,0.08825235879421234,True
TDLA30-10__pa-severe,15.0,1,4,False,False,23.22438821197169,False,0.09063221049308778,True
TDLA30-10__pa-severe,15.0,1,5,False,False,25.142337236533983,False,0.1026712520122528,True
TDLA30-10__pa-severe,15.0,1,6,False,False,25.98835077017404,True,0.08461074340343477,True
TDLA30-10__pa-severe,15.0,1,7,False,False,25.901975330581504,True,0.09168604183197027,True
TDLA30-10__pa-severe,15.0,1,8,False,False,22.543721040204122,False,0.061287459731101945,False
TDLA30-10__pa-severe,15.0,1,9,False,False,22.799099969446715,False,0.07362193965911867,False
TDLA30-10__pa-severe,15.0,1,10,False,False,23.390158635457556,False,0.07587718832492829,False
TDLA30-10__pa-severe,15.0,1,11,False,False,27.324098156751965,True,0.11585728621482849,True
TDLA30-10__pa-severe,25.0,0,0,False,True,77.71773986853715,True,0.44116534745693203,True
TDLA30-10__pa-severe,25.0,0,1,False,True,82.61018158023406,True,0.48493440389633174,True
TDLA30-10__pa-severe,25.0,0,2,False,True,85.62254616596509,True,0.5109951728582383,True
TDLA30-10__pa-severe,25.0,0,3,False,True,78.64508721555671,True,0.48059296238422394,True
TDLA30-10__pa-severe,25.0,0,4,False,True,65.13241530352087,True,0.37417813181877135,True
TDLA30-10__pa-severe,25.0,0,5,False,True,70.284282944057,True,0.44005270612239833,True
TDLA30-10__pa-severe,25.0,0,6,False,True,86.42913227659228,True,0.5034250328540801,True
TDLA30-10__pa-severe,25.0,0,7,False,True,74.0658544731719,True,0.4556645171642304,True
TDLA30-10__pa-severe,25.0,0,8,False,True,55.87949933517893,True,0.3578616460561753,True
TDLA30-10__pa-severe,25.0,0,9,False,True,84.05624781603417,True,0.5230392035245897,True
TDLA30-10__pa-severe,25.0,0,10,False,True,60.006210792613174,True,0.3724746379852294,True
TDLA30-10__pa-severe,25.0,0,11,False,True,77.13290533632411,True,0.46710720872879025,True
TDLA30-10__pa-severe,25.0,1,0,False,True,97.01086062236546,True,0.5364129496812821,True
TDLA30-10__pa-severe,25.0,1,1,False,True,121.89134558249887,True,0.6259661455154419,True
TDLA30-10__pa-severe,25.0,1,2,False,True,98.36282704240023,True,0.5492559560537338,True
TDLA30-10__pa-severe,25.0,1,3,False,True,72.3926951019461,True,0.4403416187763214,True
TDLA30-10__pa-severe,25.0,1,4,False,True,80.5073297250063,True,0.484054127573967,True
TDLA30-10__pa-severe,25.0,1,5,False,True,94.51233066694509,True,0.5363656949996948,True
TDLA30-10__pa-severe,25.0,1,6,False,True,75.50851070475673,True,0.4550990884304047,True
TDLA30-10__pa-severe,25.0,1,7,False,True,88.05505342891117,True,0.4997008213996887,True
TDLA30-10__pa-severe,25.0,1,8,False,True,97.80886859195633,True,0.5307959045171737,True
TDLA30-10__pa-severe,25.0,1,9,False,True,61.95093350976855,True,0.3855684496164321,True
TDLA30-10__pa-severe,25.0,1,10,False,True,96.63909424499403,True,0.5441798503398895,True
TDLA30-10__pa-severe,25.0,1,11,False,True,120.1336563696195,True,0.6370000576972961,True
TDLA30-10__pn-mild,5.0,0,0,False,False,8.567637393052092,False,0.019870216250419626,False
TDLA30-10__pn-mild,5.0,0,1,False,False,9.128388490839018,False,0.039146534562110924,False
TDLA30-10__pn-mild,5.0,0,2,False,False,8.125576347289359,False,0.03980671560764315,False
TDLA30-10__pn-mild,5.0,0,3,False,False,7.202793435492079,False,0.02398517155647273,False
TDLA30-10__pn-mild,5.0,0,4,False,False,9.06811367498818,False,0.01875216305255889,False
TDLA30-10__pn-mild,5.0,0,5,False,False,9.856874791094732,False,0.03658325517177585,False
TDLA30-10__pn-mild,5.0,0,6,False,False,15.277698335060121,False,0.04004205882549294,False
TDLA30-10__pn-mild,5.0,0,7,False,False,8.873104167188727,False,0.03052300202846525,False
TDLA30-10__pn-mild,5.0,0,8,False,False,8.209974082334272,False,0.010370173215866085,False
TDLA30-10__pn-mild,5.0,0,9,False,False,8.048014201530751,False,0.02840722262859341,False
TDLA30-10__pn-mild,5.0,0,10,False,False,8.05944444429961,False,0.018931606888771046,False
TDLA30-10__pn-mild,5.0,0,11,False,False,15.108131846757402,False,0.04687515380978591,False
TDLA30-10__pn-mild,5.0,1,0,False,False,13.717909885981776,False,0.014595112055540094,False
TDLA30-10__pn-mild,5.0,1,1,False,False,7.054277249568892,False,0.017938158631324752,False
TDLA30-10__pn-mild,5.0,1,2,False,False,21.470129441118424,False,0.014854597240686496,False
TDLA30-10__pn-mild,5.0,1,3,False,False,16.94599315777151,False,0.04414692896604544,False
TDLA30-10__pn-mild,5.0,1,4,False,False,12.73380455061256,False,0.02162404084205627,False
TDLA30-10__pn-mild,5.0,1,5,False,False,10.614515197289286,False,0.02070928180217735,False
TDLA30-10__pn-mild,5.0,1,6,False,False,8.722709934860353,False,0.01636142551898956,False
TDLA30-10__pn-mild,5.0,1,7,False,False,23.15515907999926,False,0.02280041509866715,False
TDLA30-10__pn-mild,5.0,1,8,False,False,15.510854552683982,False,0.01166649007797238,False
TDLA30-10__pn-mild,5.0,1,9,False,False,11.451882143584797,False,0.006129589915275568,False
TDLA30-10__pn-mild,5.0,1,10,False,False,15.463187563416094,False,0.018139587610960017,False
TDLA30-10__pn-mild,5.0,1,11,False,False,14.93619958348485,False,0.036724107444286336,False
TDLA30-10__pn-mild,15.0,0,0,False,False,6.551158207875202,False,0.03407257795333862,False
TDLA30-10__pn-mild,15.0,0,1,False,False,6.142089214482079,False,0.05248531162738801,False
TDLA30-10__pn-mild,15.0,0,2,False,False,9.835403856452738,False,0.048945441603660544,False
TDLA30-10__pn-mild,15.0,0,3,False,False,12.276316858781044,False,0.024914960145950293,False
TDLA30-10__pn-mild,15.0,0,4,False,False,9.44332133156095,False,0.028208905577659538,False
TDLA30-10__pn-mild,15.0,0,5,False,False,6.796362180772326,False,0.03529204261302943,False
TDLA30-10__pn-mild,15.0,0,6,False,False,8.044797402509454,False,0.038101173758506746,False
TDLA30-10__pn-mild,15.0,0,7,False,False,9.01879948649011,False,0.04530575144290927,False
TDLA30-10__pn-mild,15.0,0,8,False,False,8.693648699999143,False,0.027732624053955046,False
TDLA30-10__pn-mild,15.0,0,9,False,False,9.16515049699135,False,0.04298691463470461,False
TDLA30-10__pn-mild,15.0,0,10,False,False,10.142386600083023,False,0.030518055558204638,False
TDLA30-10__pn-mild,15.0,0,11,False,False,8.72575938324145,False,0.02794307827949516,False
TDLA30-10__pn-mild,15.0,1,0,False,False,6.965852212309808,False,0.04031925511360168,False
TDLA30-10__pn-mild,15.0,1,1,False,False,7.399624170012252,False,0.0473246866464615,False
TDLA30-10__pn-mild,15.0,1,2,False,False,7.793982383947079,False,0.02320047307014461,False
TDLA30-10__pn-mild,15.0,1,3,False,False,9.48990222005311,False,0.04995755779743194,False
TDLA30-10__pn-mild,15.0,1,4,False,False,10.922864809490418,False,0.031093100309371957,False
TDLA30-10__pn-mild,15.0,1,5,False,False,11.6228315726848,False,0.04988359630107875,False
TDLA30-10__pn-mild,15.0,1,6,False,False,11.147408305306177,False,0.022022195816040036,False
TDLA30-10__pn-mild,15.0,1,7,False,False,11.348125190375061,False,0.043983395457267704,False
TDLA30-10__pn-mild,15.0,1,8,False,False,9.753430078323587,False,0.034458396673202496,False
TDLA30-10__pn-mild,15.0,1,9,False,False,9.722106042085482,False,0.02732885670661922,False
TDLA30-10__pn-mild,15.0,1,10,False,False,6.6595565539533235,False,0.035080482840537996,False
TDLA30-10__pn-mild,15.0,1,11,False,False,8.946647255997911,False,0.04668049907684324,False
TDLA30-10__pn-mild,25.0,0,0,False,False,22.230755059480565,False,0.07503229773044584,False
TDLA30-10__pn-mild,25.0,0,1,False,False,32.499351442202475,True,0.0457159721851349,False
TDLA30-10__pn-mild,25.0,0,2,False,False,40.92384189834661,True,0.054382140994071904,False
TDLA30-10__pn-mild,25.0,0,3,False,False,31.669332011763196,True,0.02784041476249688,False
TDLA30-10__pn-mild,25.0,0,4,False,False,30.13471229010144,True,0.037341394186019894,False
TDLA30-10__pn-mild,25.0,0,5,False,False,33.482758577547834,True,0.04209056651592258,False
TDLA30-10__pn-mild,25.0,0,6,False,False,40.648939454400825,True,0.041323725700378455,False
TDLA30-10__pn-mild,25.0,0,7,False,False,38.001128990466526,True,0.04388502728939059,False
TDLA30-10__pn-mild,25.0,0,8,False,False,38.67845716649049,True,0.029205563426017767,False
TDLA30-10__pn-mild,25.0,0,9,False,False,40.03393869294946,True,0.07086902093887326,False
TDLA30-10__pn-mild,25.0,0,10,False,False,36.24841181767454,True,0.031700544238090544,False
TDLA30-10__pn-mild,25.0,0,11,False,False,37.203943031560236,True,0.0320791275501251,False
TDLA30-10__pn-mild,25.0,1,0,False,False,17.296769087708864,False,0.05580917894840243,False
TDLA30-10__pn-mild,25.0,1,1,False,False,28.54612751951518,True,0.05505697238445284,False
TDLA30-10__pn-mild,25.0,1,2,False,False,33.46261823049506,True,0.0332264943122863,False
TDLA30-10__pn-mild,25.0,1,3,False,False,37.42968146455249,True,0.046087594509124696,False
TDLA30-10__pn-mild,25.0,1,4,False,False,41.960038199302474,True,0.052487121224403355,False
TDLA30-10__pn-mild,25.0,1,5,False,False,39.97926224067346,True,0.042933141589164725,False
TDLA30-10__pn-mild,25.0,1,6,False,False,31.663017912899516,True,0.02580047488212578,False
TDLA30-10__pn-mild,25.0,1,7,False,False,30.21710832038424,True,0.04463860964775079,False
TDLA30-10__pn-mild,25.0,1,8,False,False,37.455699835263424,True,0.03319900310039514,False
TDLA30-10__pn-mild,25.0,1,9,False,False,28.941570803065247,True,0.023409853339195208,False
TDLA30-10__pn-mild,25.0,1,10,False,False,24.549459941809214,False,0.05233742773532868,False
TDLA30-10__pn-mild,25.0,1,11,False,False,35.58870206648779,True,0.04218514645099636,False
TDLA30-10__pn-moderate,5.0,0,0,False,False,9.971340113473776,False,0.030524831116199524,False
TDLA30-10__pn-moderate,5.0,0,1,False,False,9.891157275741447,False,0.042903414666652706,False
TDLA30-10__pn-moderate,5.0,0,2,False,False,16.129525793372913,False,0.04371474552154542,False
TDLA30-10__pn-moderate,5.0,0,3,False,False,13.211699965236203,False,0.004875133812427435,False
TDLA30-10__pn-moderate,5.0,0,4,False,False,7.271773449028015,False,0.0012512414455414511,False
TDLA30-10__pn-moderate,5.0,0,5,False,False,13.392541616707772,False,0.04835883566737176,False
TDLA30-10__pn-moderate,5.0,0,6,False,False,14.17884780715621,False,0.02667635810375213,False
TDLA30-10__pn-moderate,5.0,0,7,False,False,16.394912851390316,False,0.01697827202081681,False
TDLA30-10__pn-moderate,5.0,0,8,False,False,9.234377576128205,False,0.01075972819328308,False
TDLA30-10__pn-moderate,5.0,0,9,False,False,13.233720785396983,False,0.02531215950846677,False
TDLA30-10__pn-moderate,5.0,0,10,False,False,10.371627913992928,False,0.011310153007507262,False
TDLA30-10__pn-moderate,5.0,0,11,False,False,17.340241989856867,False,0.023547263726592105,False
TDLA30-10__pn-moderate,5.0,1,0,False,False,7.980560890621373,False,0.02804077839851371,False
TDLA30-10__pn-moderate,5.0,1,1,False,False,8.639122438777331,False,0.04361787152290342,False
TDLA30-10__pn-moderate,5.0,1,2,False,False,8.265511515235927,False,0.01987110221385957,False
TDLA30-10__pn-moderate,5.0,1,3,False,False,8.151714594864892,False,0.041378807067871115,False
TDLA30-10__pn-moderate,5.0,1,4,False,False,9.15376419045869,False,0.03323868370056149,False
TDLA30-10__pn-moderate,5.0,1,5,False,False,21.3873810066997,False,0.04101092699170106,False
TDLA30-10__pn-moderate,5.0,1,6,False,False,19.190544506637405,False,0.015408572107553531,False
TDLA30-10__pn-moderate,5.0,1,7,False,False,10.856566869604093,False,0.02168939018249505,False
TDLA30-10__pn-moderate,5.0,1,8,False,False,7.0553751256533594,False,0.0137747507095336,False
TDLA30-10__pn-moderate,5.0,1,9,False,False,8.689761365432116,False,0.01955174362659451,False
TDLA30-10__pn-moderate,5.0,1,10,False,False,8.934278482301142,False,0.035176760435104315,False
TDLA30-10__pn-moderate,5.0,1,11,False,False,11.505785910928344,False,0.04820069199800492,False
TDLA30-10__pn-moderate,15.0,0,0,False,False,16.835517024752495,False,0.08482751560211188,True
TDLA30-10__pn-moderate,15.0,0,1,False,False,23.7862912892921,False,0.06351494586467743,False
TDLA30-10__pn-moderate,15.0,0,2,False,False,26.245186010804467,True,0.09057101345062257,True
TDLA30-10__pn-moderate,15.0,0,3,False,False,24.482514515536113,False,0.05923354566097261,False
TDLA30-10__pn-moderate,15.0,0,4,False,False,14.046325719444438,False,0.01466644120216365,False
TDLA30-10__pn-moderate,15.0,0,5,False,False,23.987770217354885,False,0.07562944304943087,False
TDLA30-10__pn-moderate,15.0,0,6,False,False,27.953486100027465,True,0.11097575294971473,True
TDLA30-10__pn-moderate,15.0,0,7,False,False,25.277359618361984,False,0.08222101759910583,True
TDLA30-10__pn-moderate,15.0,0,8,False,False,21.383997300535306,False,0.03610414135456086,False
TDLA30-10__pn-moderate,15.0,0,9,False,False,18.14706993687246,False,0.044958781361579936,False
TDLA30-10__pn-moderate,15.0,0,10,False,False,24.22021809940233,False,0.06493577766418457,False
TDLA30-10__pn-moderate,15.0,0,11,False,False,25.82073863383644,True,0.0774098106622696,False
TDLA30-10__pn-moderate,15.0,1,0,False,False,12.812472520359005,False,0.08552683329582211,True
TDLA30-10__pn-moderate,15.0,1,1,False,False,22.87478987821926,False,0.04758747422695153,False
TDLA30-10__pn-moderate,15.0,1,2,False,False,22.148367197801377,False,0.04665463280677795,False
TDLA30-10__pn-moderate,15.0,1,3,False,False,24.494644885112606,False,0.07663688158988957,False
TDLA30-10__pn-moderate,15.0,1,4,False,False,23.868035976122254,False,0.07622398304939271,False
TDLA30-10__pn-moderate,15.0,1,5,False,False,22.53525768603965,False,0.054662398219108566,False
TDLA30-10__pn-moderate,15.0,1,6,False,False,21.820600718773175,False,0.05325162720680232,False
TDLA30-10__pn-moderate,15.0,1,7,False,False,22.94044766276125,False,0.05006904363632203,False
TDLA30-10__pn-moderate,15.0,1,8,False,False,21.934420231707524,False,0.03136121189594265,False
TDLA30-10__pn-moderate,15.0,1,9,False,False,21.94818255571205,False,0.04535476851463316,False
TDLA30-10__pn-moderate,15.0,1,10,False,False,18.905565397045155,False,0.038656162619590706,False
TDLA30-10__pn-moderate,15.0,1,11,False,False,21.944813182810424,False,0.0476125481128693,False
TDLA30-10__pn-moderate,25.0,0,0,False,True,69.24752713714615,True,0.43757974720001225,True
TDLA30-10__pn-moderate,25.0,0,1,False,True,59.88011110556466,True,0.40636347591876976,True
TDLA30-10__pn-moderate,25.0,0,2,False,True,78.95065429342081,True,0.49330047452449793,True
TDLA30-10__pn-moderate,25.0,0,3,False,True,60.47489124296709,True,0.38189776217937466,True
TDLA30-10__pn-moderate,25.0,0,4,False,True,60.29096830651288,True,0.39186118602752684,True
TDLA30-10__pn-moderate,25.0,0,5,False,True,67.85791852178455,True,0.437706239104271,True
TDLA30-10__pn-moderate,25.0,0,6,False,True,63.95246683686985,True,0.40302225911617273,True
TDLA30-10__pn-moderate,25.0,0,7,False,True,73.28631512285551,True,0.444157728433609,True
TDLA30-10__pn-moderate,25.0,0,8,False,True,61.37724279864201,True,0.3913658485412598,True
TDLA30-10__pn-moderate,25.0,0,9,False,True,55.78522143770971,True,0.35492878174781806,True
TDLA30-10__pn-moderate,25.0,0,10,False,True,56.03642709625374,True,0.3657989665269852,True
TDLA30-10__pn-moderate,25.0,0,11,False,True,66.32731121141292,True,0.4288605561256409,True
TDLA30-10__pn-moderate,25.0,1,0,False,True,61.68734889604462,True,0.39832160913944237,True
TDLA30-10__pn-moderate,25.0,1,1,False,True,72.40823353633084,True,0.45486265063285825,True
TDLA30-10__pn-moderate,25.0,1,2,False,True,67.16580346593906,True,0.42611796605587005,True
TDLA30-10__pn-moderate,25.0,1,3,False,True,67.28341923114921,True,0.4373274400234223,True
TDLA30-10__pn-moderate,25.0,1,4,False,True,72.68804161127986,True,0.46013380324840547,True
TDLA30-10__pn-moderate,25.0,1,5,False,True,73.29019535213041,True,0.4643920992612839,True
TDLA30-10__pn-moderate,25.0,1,6,False,True,64.33981299709482,True,0.4163340609073639,True
TDLA30-10__pn-moderate,25.0,1,7,False,True,69.31478833541306,True,0.4492215240001679,True
TDLA30-10__pn-moderate,25.0,1,8,False,True,77.71708922215045,True,0.4633286805152893,True
TDLA30-10__pn-moderate,25.0,1,9,False,True,74.12857759191856,True,0.4617532655000687,True
TDLA30-10__pn-moderate,25.0,1,10,False,True,68.09234498750895,True,0.42078750872612003,True
TDLA30-10__pn-moderate,25.0,1,11,False,True,58.19355161739385,True,0.3695071541070939,True
TDLA30-10__pn-severe,5.0,0,0,False,False,12.69971518466044,False,0.054788763701915766,False
TDLA30-10__pn-severe,5.0,0,1,False,False,16.695132444411016,False,0.07863436681032177,True
TDLA30-10__pn-severe,5.0,0,2,False,False,23.93030657260315,False,0.08366422562301157,True
TDLA30-10__pn-severe,5.0,0,3,False,False,16.77683941463146,False,0.06164217358827595,False
TDLA30-10__pn-severe,5.0,0,4,False,False,14.44124557083159,False,0.03458624875545502,False
TDLA30-10__pn-severe,5.0,0,5,False,False,14.00335386410349,False,0.07466371917724612,False
TDLA30-10__pn-severe,5.0,0,6,False,False,17.691167184438942,False,0.07120433056354525,False
TDLA30-10__pn-severe,5.0,0,7,False,False,22.448170672190194,False,0.0777405686974526,True
TDLA30-10__pn-severe,5.0,0,8,False,False,22.51493404802563,False,0.04398265936970702,False
TDLA30-10__pn-severe,5.0,0,9,False,False,15.315514414535695,False,0.0638427549600602,False
TDLA30-10__pn-severe,5.0,0,10,False,False,19.202376489130884,False,0.05829675251245503,False
TDLA30-10__pn-severe,5.0,0,11,False,False,16.080986243153134,False,0.06502730500698095,False
TDLA30-10__pn-severe,5.0,1,0,False,False,11.318385669580882,False,0.0820965276956559,True
TDLA30-10__pn-severe,5.0,1,1,False,False,17.05592201031725,False,0.06399368113279347,False
TDLA30-10__pn-severe,5.0,1,2,False,False,15.458248554463196,False,0.04193210124969482,False
TDLA30-10__pn-severe,5.0,1,3,False,False,15.605893579006715,False,0.06619064557552334,False
TDLA30-10__pn-severe,5.0,1,4,False,False,16.28758735872834,False,0.055838444590568526,False
TDLA30-10__pn-severe,5.0,1,5,False,False,18.540767331859904,False,0.06805456525087361,False
TDLA30-10__pn-severe,5.0,1,6,False,False,21.71449214929186,False,0.0475895762741565,False
TDLA30-10__pn-severe,5.0,1,7,False,False,16.3306904136905,False,0.06816164469718933,False
TDLA30-10__pn-severe,5.0,1,8,False,False,30.040891245162936,True,0.055865956917405146,False
TDLA30-10__pn-severe,5.0,1,9,False,False,16.059601286980868,False,0.051867389082908666,False
TDLA30-10__pn-severe,5.0,1,10,False,False,18.816954050834838,False,0.06154892233014109,False
TDLA30-10__pn-severe,5.0,1,11,False,False,16.0560620948091,False,0.05274411046504979,False
TDLA30-10__pn-severe,15.0,0,0,False,False,29.667628086219803,True,0.2279724135398865,True
TDLA30-10__pn-severe,15.0,0,1,False,False,36.71418353134793,True,0.28739010894298556,True
TDLA30-10__pn-severe,15.0,0,2,False,False,32.504011798730446,True,0.2358593068122864,True
TDLA30-10__pn-severe,15.0,0,3,False,False,30.382907144224795,True,0.24524026429653178,True
TDLA30-10__pn-severe,15.0,0,4,False,False,30.9160127281592,True,0.2267194638252259,True
TDLA30-10__pn-severe,15.0,0,5,False,False,29.48479916561084,True,0.21700426113605498,True
TDLA30-10__pn-severe,15.0,0,6,False,False,35.90188692965813,True,0.2720418647527695,True
TDLA30-10__pn-severe,15.0,0,7,False,False,29.187367096927076,True,0.22711331379413613,True
TDLA30-10__pn-severe,15.0,0,8,False,False,31.87076948705894,True,0.2515292546749115,True
TDLA30-10__pn-severe,15.0,0,9,False,False,29.51340456591554,True,0.25556135189533224,True
TDLA30-10__pn-severe,15.0,0,10,False,True,45.21774556345165,True,0.35909782171249394,True
TDLA30-10__pn-severe,15.0,0,11,False,False,35.556414833102345,True,0.2950190072059631,True
TDLA30-10__pn-severe,15.0,1,0,False,False,30.13384926109504,True,0.2559695756435394,True
TDLA30-10__pn-severe,15.0,1,1,False,False,36.121579323101905,True,0.28689796137809753,True
TDLA30-10__pn-severe,15.0,1,2,False,False,34.92411027042551,True,0.28797863495349885,True
TDLA30-10__pn-severe,15.0,1,3,False,False,47.49784720161658,True,0.36278267371654516,True
TDLA30-10__pn-severe,15.0,1,4,False,False,30.491245971094664,True,0.24664247334003442,True
TDLA30-10__pn-severe,15.0,1,5,False,False,28.30787215289013,True,0.21267932820320135,True
TDLA30-10__pn-severe,15.0,1,6,False,False,32.03313167627988,True,0.27832177865505214,True
TDLA30-10__pn-severe,15.0,1,7,False,False,26.027134075975898,True,0.17829449868202207,True
TDLA30-10__pn-severe,15.0,1,8,False,False,29.256621595908847,True,0.21818505191802984,True
TDLA30-10__pn-severe,15.0,1,9,False,False,31.837894362408058,True,0.24362821078300478,True
TDLA30-10__pn-severe,15.0,1,10,False,False,26.82408350577529,True,0.19604885244369508,True
TDLA30-10__pn-severe,15.0,1,11,False,False,28.602060390006447,True,0.21796443724632264,True
TDLA30-10__pn-severe,25.0,0,0,False,True,170.10020280467353,True,0.857084841966629,True
TDLA30-10__pn-severe,25.0,0,1,False,True,179.83556762022624,True,0.8654968084096908,True
TDLA30-10__pn-severe,25.0,0,2,False,True,168.10461812533828,True,0.842897929430008,True
TDLA30-10__pn-severe,25.0,0,3,False,True,173.9807620060752,True,0.8547507815361023,True
TDLA30-10__pn-severe,25.0,0,4,False,True,177.70467340115377,True,0.8651152490377425,True
TDLA30-10__pn-severe,25.0,0,5,False,True,160.63919688070152,True,0.8289570518732071,True
TDLA30-10__pn-severe,25.0,0,6,False,True,148.46502920950527,True,0.8025235584974288,True
TDLA30-10__pn-severe,25.0,0,7,False,True,164.9380050299808,True,0.8371654951572418,True
TDLA30-10__pn-severe,25.0,0,8,False,True,169.96505695495503,True,0.8433931449651718,True
TDLA30-10__pn-severe,25.0,0,9,False,True,178.02191552542183,True,0.8732584235668182,True
TDLA30-10__pn-severe,25.0,0,10,False,True,141.15710011902837,True,0.7545379306077957,True
TDLA30-10__pn-severe,25.0,0,11,False,True,180.88367235615468,True,0.8694756784439086,True
TDLA30-10__pn-severe,25.0,1,0,False,True,154.87017974681575,True,0.813589231133461,True
TDLA30-10__pn-severe,25.0,1,1,False,True,177.33263185628877,True,0.8724501123428345,True
TDLA30-10__pn-severe,25.0,1,2,False,True,179.71201034495485,True,0.8734039489030838,True
TDLA30-10__pn-severe,25.0,1,3,False,True,185.24513850382004,True,0.87809095621109,True
TDLA30-10__pn-severe,25.0,1,4,False,True,156.10683614239568,True,0.8051058316230774,True
TDLA30-10__pn-severe,25.0,1,5,False,True,164.06532423823987,True,0.8424932075738907,True
TDLA30-10__pn-severe,25.0,1,6,False,True,167.64960021574382,True,0.8454286465644837,True
TDLA30-10__pn-severe,25.0,1,7,False,True,180.49942971691218,True,0.8749613808393478,True
TDLA30-10__pn-severe,25.0,1,8,False,True,157.90406854070088,True,0.7986856414079666,True
TDLA30-10__pn-severe,25.0,1,9,False,True,178.27841147258977,True,0.8741903148889542,True
TDLA30-10__pn-severe,25.0,1,10,False,True,168.300679782147,True,0.8458728066682816,True
TDLA30-10__pn-severe,25.0,1,11,False,True,165.6141803867977,True,0.8369571743011475,True
TDLB100-400__cfo-mild,5.0,0,0,False,False,9.498937497963004,False,0.07889433217048647,True
TDLB100-400__cfo-mild,5.0,0,1,False,False,10.442490176391244,False,0.05146009635925297,False
TDLB100-400__cfo-mild,5.0,0,2,False,False,12.506406326601713,False,0.06102415609359746,False
TDLB100-400__cfo-mild,5.0,0,3,False,False,11.00883152557327,False,0.029300513744354273,False
TDLB100-400__cfo-mild,5.0,0,4,False,False,11.804345113579839,False,0.035524655699729846,False
TDLB100-400__cfo-mild,5.0,0,5,False,False,10.33031611422492,False,0.04127482926845549,False
TDLB100-400__cfo-mild,5.0,0,6,False,False,11.5773940814761,False,0.03778971779346463,False
TDLB100-400__cfo-mild,5.0,0,7,False,False,11.323834749906535,False,0.04098994898796082,False
TDLB100-400__cfo-mild,5.0,0,8,False,False,10.619995664415733,False,0.03114130818843841,False
TDLB100-400__cfo-mild,5.0,0,9,False,False,12.307392713491769,False,0.05699005603790286,False
TDLB100-400__cfo-mild,5.0,0,10,False,False,12.722588758770824,False,0.059856442093849216,False
TDLB100-400__cfo-mild,5.0,0,11,False,False,11.78177131069119,False,0.053839215040206945,False
TDLB100-400__cfo-mild,5.0,1,0,False,False,8.438433860656232,False,0.0642120851278305,False
TDLB100-400__cfo-mild,5.0,1,1,False,False,11.635785836497572,False,0.07298385798931117,False
TDLB100-400__cfo-mild,5.0,1,2,False,False,12.33768601474202,False,0.04410490465164185,False
TDLB100-400__cfo-mild,5.0,1,3,False,False,11.203815579414362,False,0.054493172645568855,False
TDLB100-400__cfo-mild,5.0,1,4,False,False,12.177212085197896,False,0.044771649599075314,False
TDLB100-400__cfo-mild,5.0,1,5,False,False,12.481031126795711,False,0.04464148843288418,False
TDLB100-400__cfo-mild,5.0,1,6,False,False,10.691272164365836,False,0.04167640769481662,False
TDLB100-400__cfo-mild,5.0,1,7,False,False,12.060004552726113,False,0.04939965879917141,False
TDLB100-400__cfo-mild,5.0,1,8,False,False,11.908622807372717,False,0.03616953420639035,False
TDLB100-400__cfo-mild,5.0,1,9,False,False,11.557734670125708,False,0.0368236057758331,False
TDLB100-400__cfo-mild,5.0,1,10,False,False,10.133441683937393,False,0.04992639338970184,False
TDLB100-400__cfo-mild,5.0,1,11,False,False,13.016000848486147,False,0.04316687881946557,False
TDLB100-400__cfo-mild,15.0,0,0,False,False,9.030569671871735,False,0.037118398308753964,False
TDLB100-400__cfo-mild,15.0,0,1,False,False,7.20765182651268,False,0.06627766370773314,False
TDLB100-400__cfo-mild,15.0,0,2,False,False,16.379056679042026,False,0.08599832081794745,True
TDLB100-400__cfo-mild,15.0,0,3,False,False,14.435740944642898,False,0.03139080059528343,False
TDLB100-400__cfo-mild,15.0,0,4,False,False,11.709896381032241,False,0.03340753793716422,False
TDLB100-400__cfo-mild,15.0,0,5,False,False,11.718708952033529,False,0.0619542778730392,False
TDLB100-400__cfo-mild,15.0,0,6,False,False,16.579054537207224,False,0.058230907320976244,False
TDLB100-400__cfo-mild,15.0,0,7,False,False,20.58493286190232,False,0.06231763029098514,False
TDLB100-400__cfo-mild,15.0,0,8,False,False,17.80008929974801,False,0.05306260120868678,False
TDLB100-400__cfo-mild,15.0,0,9,False,False,18.045456556444595,False,0.0656399413347244,False
TDLB100-400__cfo-mild,15.0,0,10,False,False,17.680504185317783,False,0.04922661125659944,False
TDLB100-400__cfo-mild,15.0,0,11,False,False,16.374942456418733,False,0.03792378425598142,False
TDLB100-400__cfo-mild,15.0,1,0,False,False,8.107886977875236,False,0.041456139445304796,False
TDLB100-400__cfo-mild,15.0,1,1,False,False,8.304950116137174,False,0.055601634621620155,False
TDLB100-400__cfo-mild,15.0,1,2,False,False,9.423193619784263,False,0.045557759642601,False
TDLB100-400__cfo-mild,15.0,1,3,False,False,7.624593209611823,False,0.04989656400680542,False
TDLB100-400__cfo-mild,15.0,1,4,False,False,9.22805835062891,False,0.05480921971797936,False
TDLB100-400__cfo-mild,15.0,1,5,False,False,12.107566568160863,False,0.06908711290359493,False
TDLB100-400__cfo-mild,15.0,1,6,False,False,14.422993122591972,False,0.04231883060932162,False
TDLB100-400__cfo-mild,15.0,1,7,False,False,15.28549233481689,False,0.04464454555511477,False
TDLB100-400__cfo-mild,15.0,1,8,False,False,15.759856173022712,False,0.043572882294654836,False
TDLB100-400__cfo-mild,15.0,1,9,False,False,15.226216175161602,False,0.033807360410690324,False
TDLB100-400__cfo-mild,15.0,1,10,False,False,9.525472230391559,False,0.05293698322772977,False
TDLB100-400__cfo-mild,15.0,1,11,False,False,13.010062731883707,False,0.06056572997570042,False
TDLB100-400__cfo-mild,25.0,0,0,False,False,37.54322321164,True,0.20220592904090884,True
TDLB100-400__cfo-mild,25.0,0,1,False,False,40.86990813050182,True,0.2561540633440017,True
TDLB100-400__cfo-mild,25.0,0,2,False,False,42.26242286351566,True,0.268272620677948,True
TDLB100-400__cfo-mild,25.0,0,3,False,False,42.632089399111344,True,0.2580987442731857,True
TDLB100-400__cfo-mild,25.0,0,4,False,False,38.633695564684224,True,0.2104472914934159,True
TDLB100-400__cfo-mild,25.0,0,5,False,False,38.194254352001025,True,0.22505052173137674,True
TDLB100-400__cfo-mild,25.0,0,6,False,False,39.493764606741564,True,0.20539556741714482,True
TDLB100-400__cfo-mild,25.0,0,7,False,False,42.34049864535609,True,0.24816735923290245,True
TDLB100-400__cfo-mild,25.0,0,8,False,False,40.28230313597375,True,0.24088017737865453,True
TDLB100-400__cfo-mild,25.0,0,9,False,False,42.99294703668544,True,0.27396872448921206,True
TDLB100-400__cfo-mild,25.0,0,10,False,False,40.792757398497976,True,0.23959885847568518,True
TDLB100-400__cfo-mild,25.0,0,11,False,True,40.74461276832868,True,0.2555635602474212,True
TDLB100-400__cfo-mild,25.0,1,0,False,False,38.06484490066806,True,0.24081646370887766,True
TDLB100-400__cfo-mild,25.0,1,1,False,False,40.20706383236247,True,0.22714963829517365,True
TDLB100-400__cfo-mild,25.0,1,2,False,False,39.64211140780517,True,0.23174357593059547,True
TDLB100-400__cfo-mild,25.0,1,3,False,True,41.050503323062486,True,0.25578199982643124,True
TDLB100-400__cfo-mild,25.0,1,4,False,False,40.28959101676687,True,0.2505897417068481,True
TDLB100-400__cfo-mild,25.0,1,5,False,False,41.41844096184412,True,0.2463285470008849,True
TDLB100-400__cfo-mild,25.0,1,6,False,False,40.171505568355755,True,0.24656001472473144,True
TDLB100-400__cfo-mild,25.0,1,7,False,False,42.01645798923668,True,0.2523740932941436,True
TDLB100-400__cfo-mild,25.0,1,8,False,False,39.74997398729333,True,0.21353206539154057,True
TDLB100-400__cfo-mild,25.0,1,9,False,True,42.94768264522306,True,0.25131572949886316,True
TDLB100-400__cfo-mild,25.0,1,10,False,False,40.72368037469683,True,0.24809182417392728,True
TDLB100-400__cfo-mild,25.0,1,11,False,False,40.68053803404383,True,0.21412442588806158,True
TDLB100-400__cfo-moderate,5.0,0,0,False,False,9.45893241449882,False,0.07489583718776704,False
TDLB100-400__cfo-moderate,5.0,0,1,False,False,11.97023569304083,False,0.0678640220165253,False
TDLB100-400__cfo-moderate,5.0,0,2,False,False,13.816321702530276,False,0.07567321395874027,False
TDLB100-400__cfo-moderate,5.0,0,3,False,False,13.215379516882068,False,0.04150737154483797,False
TDLB100-400__cfo-moderate,5.0,0,4,False,False,10.568949246616764,False,0.03225643110275267,False
TDLB100-400__cfo-moderate,5.0,0,5,False,False,11.591408936135382,False,0.05395634150505069,False
TDLB100-400__cfo-moderate,5.0,0,6,False,False,11.748511417490482,False,0.040879993796348546,False
TDLB100-400__cfo-moderate,5.0,0,7,False,False,10.743678518472905,False,0.04029918336868288,False
TDLB100-400__cfo-moderate,5.0,0,8,False,False,12.022260447316464,False,0.04178442764282231,False
TDLB100-400__cfo-moderate,5.0,0,9,False,False,11.993904946553766,False,0.04479112863540646,False
TDLB100-400__cfo-moderate,5.0,0,10,False,False,11.024124284896647,False,0.030536382198333656,False
TDLB100-400__cfo-moderate,5.0,0,11,False,False,11.224827968492495,False,0.04191024863719939,False
TDLB100-400__cfo-moderate,5.0,1,0,False,False,10.77654198061683,False,0.08450341010093687,True
TDLB100-400__cfo-moderate,5.0,1,1,False,False,12.47890119032565,False,0.050906328558921854,False
TDLB100-400__cfo-moderate,5.0,1,2,False,False,12.159146740517068,False,0.03547594916820529,False
TDLB100-400__cfo-moderate,5.0,1,3,False,False,11.910810793072626,False,0.05347576391696929,False
TDLB100-400__cfo-moderate,5.0,1,4,False,False,10.797347794143928,False,0.04784258830547328,False
TDLB100-400__cfo-moderate,5.0,1,5,False,False,12.67571634838631,False,0.06199402487277983,False
TDLB100-400__cfo-moderate,5.0,1,6,False,False,14.185710614172429,False,0.0526445610523224,False
TDLB100-400__cfo-moderate,5.0,1,7,False,False,11.238827174727911,False,0.049118320584297215,False
TDLB100-400__cfo-moderate,5.0,1,8,False,False,12.30119771700958,False,0.046659410834312465,False
TDLB100-400__cfo-moderate,5.0,1,9,False,False,12.345606832585085,False,0.0577778841257095,False
TDLB100-400__cfo-moderate,5.0,1,10,False,False,10.478436233247788,False,0.034911877870559715,False
TDLB100-400__cfo-moderate,5.0,1,11,False,False,13.28921653103631,False,0.061728166699409504,False
TDLB100-400__cfo-moderate,15.0,0,0,False,False,11.537332383730261,False,0.07762849962711338,False
TDLB100-400__cfo-moderate,15.0,0,1,False,False,17.177246169201826,False,0.07522407221794125,False
TDLB100-400__cfo-moderate,15.0,0,2,False,False,19.921188024241804,False,0.09520879340171817,True
TDLB100-400__cfo-moderate,15.0,0,3,False,False,20.341568255684788,False,0.05403738629817967,False
TDLB100-400__cfo-moderate,15.0,0,4,False,False,19.068739114021614,False,0.05927900338172909,False
TDLB100-400__cfo-moderate,15.0,0,5,False,False,18.44100926606055,False,0.05866078269481656,False
TDLB100-400__cfo-moderate,15.0,0,6,False,False,20.39393024727969,False,0.07629025483131413,False
TDLB100-400__cfo-moderate,15.0,0,7,False,False,19.84044562267474,False,0.0670010476112366,False
TDLB100-400__cfo-moderate,15.0,0,8,False,False,18.757015255272577,False,0.070049152970314,False
TDLB100-400__cfo-moderate,15.0,0,9,False,False,18.931980205974853,False,0.07730957484245304,False
TDLB100-400__cfo-moderate,15.0,0,10,False,False,20.246181070313884,False,0.07770666730403897,True
TDLB100-400__cfo-moderate,15.0,0,11,False,False,20.722779566350226,False,0.08466062831878662,True
TDLB100-400__cfo-moderate,15.0,1,0,False,False,8.74587401325999,False,0.06543846929073338,False
TDLB100-400__cfo-moderate,15.0,1,1,False,False,16.739802143499944,False,0.07928002774715426,True
TDLB100-400__cfo-moderate,15.0,1,2,False,False,18.2687089470443,False,0.045947420120239224,False
TDLB100-400__cfo-moderate,15.0,1,3,False,False,19.08091510439675,False,0.06173179829120634,False
TDLB100-400__cfo-moderate,15.0,1,4,False,False,19.30298942646466,False,0.07107217919826503,False
TDLB100-400__cfo-moderate,15.0,1,5,False,False,20.48940903767359,False,0.09516372072696688,True
TDLB100-400__cfo-moderate,15.0,1,6,False,False,18.864830902318136,False,0.05922041094303132,False
TDLB100-400__cfo-moderate,15.0,1,7,False,False,21.332290616562094,False,0.07304540574550633,False
TDLB100-400__cfo-moderate,15.0,1,8,False,False,19.901829651511505,False,0.07131213843822481,False
TDLB100-400__cfo-moderate,15.0,1,9,False,False,20.11665729439791,False,0.08796352565288545,True
TDLB100-400__cfo-moderate,15.0,1,10,False,False,20.03394760404568,False,0.07358775079250335,False
TDLB100-400__cfo-moderate,15.0,1,11,False,False,20.653913912305004,False,0.0738427916765213,False
TDLB100-400__cfo-moderate,25.0,0,0,False,True,67.94047188301323,True,0.48219256782531733,True
TDLB100-400__cfo-moderate,25.0,0,1,False,True,72.51904394801822,True,0.5350051046609878,True
TDLB100-400__cfo-moderate,25.0,0,2,False,True,78.08372501564351,True,0.5457898100614548,True
TDLB100-400__cfo-moderate,25.0,0,3,False,True,71.99270032713088,True,0.5217231644392013,True
TDLB100-400__cfo-moderate,25.0,0,4,False,True,71.87791850983034,True,0.5208805031776429,True
TDLB100-400__cfo-moderate,25.0,0,5,False,True,71.37329743557976,True,0.5159548447132112,True
TDLB100-400__cfo-moderate,25.0,0,6,False,True,66.8356030578303,True,0.4989683965444565,True
TDLB100-400__cfo-moderate,25.0,0,7,False,True,76.53848094991993,True,0.5317654610872269,True
TDLB100-400__cfo-moderate,25.0,0,8,False,True,74.38705026685561,True,0.525352120757103,True
TDLB100-400__cfo-moderate,25.0,0,9,False,True,74.1255457973904,True,0.5285859256982803,True
TDLB100-400__cfo-moderate,25.0,0,10,False,True,68.98386648384975,True,0.5062556797266007,True
TDLB100-400__cfo-moderate,25.0,0,11,False,True,74.19297220373454,True,0.5233467425107956,True
TDLB100-400__cfo-moderate,25.0,1,0,False,True,75.49254368482987,True,0.5298433928489685,True
TDLB100-400__cfo-moderate,25.0,1,1,False,True,70.10157948459859,True,0.5072413393259048,True
TDLB100-400__cfo-moderate,25.0,1,2,False,True,73.08052461245042,True,0.5160695859193802,True
TDLB100-400__cfo-moderate,25.0,1,3,False,True,76.51925070953119,True,0.5300473583936691,True
TDLB100-400__cfo-moderate,25.0,1,4,False,True,72.44437815857692,True,0.5124672446250915,True
TDLB100-400__cfo-moderate,25.0,1,5,False,True,73.04719006314008,True,0.5271775475740432,True
TDLB100-400__cfo-moderate,25.0,1,6,False,True,66.94090939464606,True,0.49363762688636775,True
TDLB100-400__cfo-moderate,25.0,1,7,False,True,77.19214811216331,True,0.5455747518539429,True
TDLB100-400__cfo-moderate,25.0,1,8,False,True,72.21472159497205,True,0.5015902351140975,True
TDLB100-400__cfo-moderate,25.0,1,9,False,True,71.4040860182979,True,0.5081383835077287,True
TDLB100-400__cfo-moderate,25.0,1,10,False,True,72.93031215662378,True,0.5244067776203155,True
TDLB100-400__cfo-moderate,25.0,1,11,False,True,70.51758769166301,True,0.5113499928712846,True
TDLB100-400__cfo-severe,5.0,0,0,False,False,10.016061963205248,False,0.0811504446268082,True
TDLB100-400__cfo-severe,5.0,0,1,False,False,12.319441412997246,False,0.08512360477447511,True
TDLB100-400__cfo-severe,5.0,0,2,False,False,12.994198012843023,False,0.09633321261405947,True
TDLB100-400__cfo-severe,5.0,0,3,False,False,12.75876387780965,False,0.06974125671386722,False
TDLB100-400__cfo-severe,5.0,0,4,False,False,11.219664037311087,False,0.04018924272060398,False
TDLB100-400__cfo-severe,5.0,0,5,False,False,11.610500507419484,False,0.041210314512252766,False
TDLB100-400__cfo-severe,5.0,0,6,False,False,12.110681598532159,False,0.06747082853317266,False
TDLB100-400__cfo-severe,5.0,0,7,False,False,12.233544684870576,False,0.04099559748172754,False
TDLB100-400__cfo-severe,5.0,0,8,False,False,12.612114348557908,False,0.0644614719152451,False
TDLB100-400__cfo-severe,5.0,0,9,False,False,12.062632365722232,False,0.056782502055168105,False
TDLB100-400__cfo-severe,5.0,0,10,False,False,13.244624648264224,False,0.07842560005187993,True
TDLB100-400__cfo-severe,5.0,0,11,False,False,12.764220878961467,False,0.07052723896503454,False
TDLB100-400__cfo-severe,5.0,1,0,False,False,10.155158083132772,False,0.0763597167730331,False
TDLB100-400__cfo-severe,5.0,1,1,False,False,11.743635532264742,False,0.0666473348140717,False
TDLB100-400__cfo-severe,5.0,1,2,False,False,13.0079304846315,False,0.03595767462253574,False
TDLB100-400__cfo-severe,5.0,1,3,False,False,11.6857735667795,False,0.07380173516273503,False
TDLB100-400__cfo-severe,5.0,1,4,False,False,13.416939064541044,False,0.07655175566673278,False
TDLB100-400__cfo-severe,5.0,1,5,False,False,12.558077182893614,False,0.08572036826610563,True
TDLB100-400__cfo-severe,5.0,1,6,False,False,13.794279529004486,False,0.06030433583259587,False
TDLB100-400__cfo-severe,5.0,1,7,False,False,13.800775836404913,False,0.05498750221729276,False
TDLB100-400__cfo-severe,5.0,1,8,False,False,12.608731313329983,False,0.06019294273853304,False
TDLB100-400__cfo-severe,5.0,1,9,False,False,13.158509134723564,False,0.05523775887489324,False
TDLB100-400__cfo-severe,5.0,1,10,False,False,12.135337276041007,False,0.04305939996242525,False
TDLB100-400__cfo-severe,5.0,1,11,False,False,12.422902662959237,False,0.07946740806102759,True
TDLB100-400__cfo-severe,15.0,0,0,False,False,20.49677292020769,False,0.1444436297416687,True
TDLB100-400__cfo-severe,15.0,0,1,False,False,21.96735099019843,False,0.16791543757915495,True
TDLB100-400__cfo-severe,15.0,0,2,False,False,22.04357240779744,False,0.16796911132335657,True
TDLB100-400__cfo-severe,15.0,0,3,False,False,20.004920400443947,False,0.14451113748550415,True
TDLB100-400__cfo-severe,15.0,0,4,False,False,22.795115803899016,False,0.15484384059905998,True
TDLB100-400__cfo-severe,15.0,0,5,False,False,19.343489332357837,False,0.12077326130866994,True
TDLB100-400__cfo-severe,15.0,0,6,False,False,21.51369142683242,False,0.1504350007772446,True
TDLB100-400__cfo-severe,15.0,0,7,False,False,22.88279736611102,False,0.141346293926239,True
TDLB100-400__cfo-severe,15.0,0,8,False,False,20.306726274181283,False,0.12325954854488375,True
TDLB100-400__cfo-severe,15.0,0,9,False,False,19.866847252051077,False,0.12461618828773491,True
TDLB100-400__cfo-severe,15.0,0,10,False,False,21.109107539884036,False,0.14690861833095548,True
TDLB100-400__cfo-severe,15.0,0,11,False,False,20.74397781269497,False,0.15258686292171475,True
TDLB100-400__cfo-severe,15.0,1,0,False,False,18.80358489353692,False,0.14599134516715995,True
TDLB100-400__cfo-severe,15.0,1,1,False,False,20.30678847155567,False,0.13731521725654594,True
TDLB100-400__cfo-severe,15.0,1,2,False,False,20.150476128160417,False,0.12218289744853983,True
TDLB100-400__cfo-severe,15.0,1,3,False,False,23.982016619425615,False,0.18783527624607088,True
TDLB100-400__cfo-severe,15.0,1,4,False,False,20.56199335263299,False,0.15767687308788292,True
TDLB100-400__cfo-severe,15.0,1,5,False,False,20.006445544727253,False,0.16344208288192752,True
TDLB100-400__cfo-severe,15.0,1,6,False,False,19.145004033765165,False,0.11923417735099795,True
TDLB100-400__cfo-severe,15.0,1,7,False,False,22.470996521193534,False,0.1646904408931732,True
TDLB100-400__cfo-severe,15.0,1,8,False,False,20.919817666612158,False,0.12122929036617269,True
TDLB100-400__cfo-severe,15.0,1,9,False,False,20.390494657079174,False,0.11194397139549261,True
TDLB100-400__cfo-severe,15.0,1,10,False,False,19.949007454862368,False,0.1256430215835571,True
TDLB100-400__cfo-severe,15.0,1,11,False,False,22.262667003023584,False,0.15598396158218386,True
TDLB100-400__cfo-severe,25.0,0,0,False,True,137.2340339174304,True,0.7756471884250641,True
TDLB100-400__cfo-severe,25.0,0,1,False,True,139.07847835682634,True,0.7869504173994064,True
TDLB100-400__cfo-severe,25.0,0,2,False,True,125.59236676577362,True,0.7311358134746551,True
TDLB100-400__cfo-severe,25.0,0,3,False,True,123.16570839428503,True,0.7340782070159912,True
TDLB100-400__cfo-severe,25.0,0,4,False,True,130.67580357957814,True,0.755650872349739,True
TDLB100-400__cfo-severe,25.0,0,5,False,True,130.40735646026255,True,0.760477414369583,True
TDLB100-400__cfo-severe,25.0,0,6,False,True,131.03151205647026,True,0.7539029155969619,True
TDLB100-400__cfo-severe,25.0,0,7,False,True,119.07634804950924,True,0.7174135403633118,True
TDLB100-400__cfo-severe,25.0,0,8,False,True,133.04891670822073,True,0.7598306823968887,True
TDLB100-400__cfo-severe,25.0,0,9,False,True,128.5817660466815,True,0.7498214799165726,True
TDLB100-400__cfo-severe,25.0,0,10,False,True,134.66267645494472,True,0.7639945561885834,True
TDLB100-400__cfo-severe,25.0,0,11,False,True,131.44625575478986,True,0.7537615172863006,True
TDLB100-400__cfo-severe,25.0,1,0,False,True,131.5389957919567,True,0.7609899580478667,True
TDLB100-400__cfo-severe,25.0,1,1,False,True,130.6511020998012,True,0.7603187519311905,True
TDLB100-400__cfo-severe,25.0,1,2,False,True,133.63650650325866,True,0.7661961249113083,True
TDLB100-400__cfo-severe,25.0,1,3,False,True,117.3228042248964,True,0.7185471322536469,True
TDLB100-400__cfo-severe,25.0,1,4,False,True,123.57285927162027,True,0.7336911870241165,True
TDLB100-400__cfo-severe,25.0,1,5,False,True,124.12120492533204,True,0.7418227021694184,True
TDLB100-400__cfo-severe,25.0,1,6,False,True,121.5962567526387,True,0.7235872107744217,True
TDLB100-400__cfo-severe,25.0,1,7,False,True,133.05223528642608,True,0.7585917397737503,True
TDLB100-400__cfo-severe,25.0,1,8,False,True,123.57711593547256,True,0.7251700835227967,True
TDLB100-400__cfo-severe,25.0,1,9,False,True,125.29849299319002,True,0.7275906691551208,True
TDLB100-400__cfo-severe,25.0,1,10,False,True,129.36869567263741,True,0.7502814749479294,True
TDLB100-400__cfo-severe,25.0,1,11,False,True,130.07061422626936,True,0.7480025660991669,True
TDLB100-400__clean,5.0,0,0,True,False,9.640738849167887,False,0.055207202434539804,False
TDLB100-400__clean,5.0,0,1,True,False,8.844374779713096,False,0.038311551809310895,False
TDLB100-400__clean,5.0,0,2,True,False,7.916645750651948,False,0.051056849002838134,False
TDLB100-400__clean,5.0,0,3,True,False,8.156422779149967,False,0.028816298961639397,False
TDLB100-400__clean,5.0,0,4,True,False,9.291895889340523,False,0.031915402770042345,False
TDLB100-400__clean,5.0,0,5,True,False,9.691772820823282,False,0.047874910831451456,False
TDLB100-400__clean,5.0,0,6,True,False,9.356252731944702,False,0.045955638289451595,False
TDLB100-400__clean,5.0,0,7,True,False,9.725597030388814,False,0.05736987173557284,False
TDLB100-400__clean,5.0,0,8,True,False,8.060647229828696,False,0.02949985003471367,False
TDLB100-400__clean,5.0,0,9,True,False,8.77501265322226,False,0.039013025879859886,False
TDLB100-400__clean,5.0,0,10,True,False,8.547996590792247,False,0.035678131461143514,False
TDLB100-400__clean,5.0,0,11,True,False,8.661891679921368,False,0.03964275860786437,False
TDLB100-400__clean,5.0,1,0,True,False,9.107398570344674,False,0.049599557876586875,False
TDLB100-400__clean,5.0,1,1,True,False,8.864588534199736,False,0.04424340200424193,False
TDLB100-400__clean,5.0,1,2,True,False,8.831554090812505,False,0.04591262829303744,False
TDLB100-400__clean,5.0,1,3,True,False,8.012498407750764,False,0.036701077580451935,False
TDLB100-400__clean,5.0,1,4,True,False,9.462910819277173,False,0.050421852469444306,False
TDLB100-400__clean,5.0,1,5,True,False,8.481521114318639,False,0.039053379297256496,False
TDLB100-400__clean,5.0,1,6,True,False,8.268292563699429,False,0.04092291188240049,False
TDLB100-400__clean,5.0,1,7,True,False,8.690081962279574,False,0.0366041362285614,False
TDLB100-400__clean,5.0,1,8,True,False,9.621458977208656,False,0.04950070607662205,False
TDLB100-400__clean,5.0,1,9,True,False,8.31662114788669,False,0.03337715542316433,False
TDLB100-400__clean,5.0,1,10,True,False,8.700863843612657,False,0.02550578606128684,False
TDLB100-400__clean,5.0,1,11,True,False,9.367827329483733,False,0.04981087672710416,False
TDLB100-400__clean,15.0,0,0,True,False,8.46693522475786,False,0.036436677694320685,False
TDLB100-400__clean,15.0,0,1,True,False,7.319551272280691,False,0.04207658493518829,False
TDLB100-400__clean,15.0,0,2,True,False,8.043049807398162,False,0.05068766248226164,False
TDLB100-400__clean,15.0,0,3,True,False,7.940428699498367,False,0.030700723171234068,False
TDLB100-400__clean,15.0,0,4,True,False,7.1458706823832765,False,0.039981950283050516,False
TDLB100-400__clean,15.0,0,5,True,False,7.539662640963447,False,0.04630264008045193,False
TDLB100-400__clean,15.0,0,6,True,False,8.3368059396057,False,0.035535794019699085,False
TDLB100-400__clean,15.0,0,7,True,False,8.69011194555437,False,0.0559658691883087,False
TDLB100-400__clean,15.0,0,8,True,False,8.340008621846705,False,0.04400684261322019,False
TDLB100-400__clean,15.0,0,9,True,False,7.257349851586533,False,0.04987683808803556,False
TDLB100-400__clean,15.0,0,10,True,False,8.215529217766752,False,0.03978639602661127,False
TDLB100-400__clean,15.0,0,11,True,False,7.776044378479487,False,0.037005312204360985,False
TDLB100-400__clean,15.0,1,0,True,False,8.695432608504385,False,0.03602227568626404,False
TDLB100-400__clean,15.0,1,1,True,False,8.291288398157326,False,0.04378871881961821,False
TDLB100-400__clean,15.0,1,2,True,False,8.091604878541037,False,0.030479495406150803,False
TDLB100-400__clean,15.0,1,3,True,False,7.416471410505285,False,0.05671160781383511,False
TDLB100-400__clean,15.0,1,4,True,False,9.287880931740013,False,0.04476326024532318,False
TDLB100-400__clean,15.0,1,5,True,False,7.626551292835626,False,0.037697936654090825,False
TDLB100-400__clean,15.0,1,6,True,False,7.921881939951301,False,0.0399793826341629,False
TDLB100-400__clean,15.0,1,7,True,False,8.272232441776174,False,0.047837642788887025,False
TDLB100-400__clean,15.0,1,8,True,False,7.401352748256089,False,0.028681084513664246,False
TDLB100-400__clean,15.0,1,9,True,False,8.250307006139312,False,0.04295954477787012,False
TDLB100-400__clean,15.0,1,10,True,False,7.84050528752118,False,0.0361406128406524,False
TDLB100-400__clean,15.0,1,11,True,False,8.120354276533604,False,0.04486091840267181,False
TDLB100-400__clean,25.0,0,0,True,False,13.109118699912495,False,0.002075559616088851,False
TDLB100-400__clean,25.0,0,1,True,False,9.65274328040467,False,0.009688632845878509,False
TDLB100-400__clean,25.0,0,2,True,False,10.340017747839953,False,0.008232864737510615,False
TDLB100-400__clean,25.0,0,3,True,False,10.702217748541367,False,0.011197455048561067,False
TDLB100-400__clean,25.0,0,4,True,False,9.376524945346443,False,0.0170640389919281,False
TDLB100-400__clean,25.0,0,5,True,False,10.459723418658712,False,0.0006794312000275582,False
TDLB100-400__clean,25.0,0,6,True,False,11.506546954971647,False,0.011458316683769176,False
TDLB100-400__clean,25.0,0,7,True,False,11.003949090109902,False,0.0033809556961058584,False
TDLB100-400__clean,25.0,0,8,True,False,9.963792314894057,False,0.0015276113748550202,False
TDLB100-400__clean,25.0,0,9,True,False,11.16203211646471,False,0.021427334308624202,False
TDLB100-400__clean,25.0,0,10,True,False,10.36698887300088,False,0.008941135764121921,False
TDLB100-400__clean,25.0,0,11,True,False,11.641199193722684,False,0.01657110488414759,False
TDLB100-400__clean,25.0,1,0,True,False,13.675213670883421,False,0.005998212456703178,False
TDLB100-400__clean,25.0,1,1,True,False,11.133140645580701,False,0.008876209974288951,False
TDLB100-400__clean,25.0,1,2,True,False,10.114888433988028,False,0.0036748605966568926,False
TDLB100-400__clean,25.0,1,3,True,False,10.596952715493037,False,0.02613490843772881,False
TDLB100-400__clean,25.0,1,4,True,False,10.332287447695556,False,0.01028938376903532,False
TDLB100-400__clean,25.0,1,5,True,False,11.488930855492896,False,0.020136680603027313,False
TDLB100-400__clean,25.0,1,6,True,False,9.707276454656974,False,0.010933093905448832,False
TDLB100-400__clean,25.0,1,7,True,False,11.061420352824465,False,0.008491930603981013,False
TDLB100-400__clean,25.0,1,8,True,False,10.373080290055597,False,0.0027822835445404648,False
TDLB100-400__clean,25.0,1,9,True,False,10.285421046256772,False,0.0007197965383529681,False
TDLB100-400__clean,25.0,1,10,True,False,11.411790468118252,False,0.012601346135139413,False
TDLB100-400__clean,25.0,1,11,True,False,10.983936420241331,False,0.021509049654006906,False
TDLB100-400__iq-mild,5.0,0,0,False,False,10.264546528553392,False,0.05260091888904572,False
TDLB100-400__iq-mild,5.0,0,1,False,False,8.134631045390053,False,0.048100717425346384,False
TDLB100-400__iq-mild,5.0,0,2,False,False,9.219957009067059,False,0.06223728680610652,False
TDLB100-400__iq-mild,5.0,0,3,False,False,9.828206661956813,False,0.024393582940101632,False
TDLB100-400__iq-mild,5.0,0,4,False,False,8.73199668989846,False,0.024848085999488845,False
TDLB100-400__iq-mild,5.0,0,5,False,False,9.6296829515764,False,0.03939282739162442,False
TDLB100-400__iq-mild,5.0,0,6,False,False,8.926867910707122,False,0.048041142106056145,False
TDLB100-400__iq-mild,5.0,0,7,False,False,8.72227030670408,False,0.03449404323101046,False
TDLB100-400__iq-mild,5.0,0,8,False,False,8.99153201508998,False,0.041388509392738304,False
TDLB100-400__iq-mild,5.0,0,9,False,False,9.32445508208386,False,0.04520741498470304,False
TDLB100-400__iq-mild,5.0,0,10,False,False,8.921282444457981,False,0.05923539173603054,False
TDLB100-400__iq-mild,5.0,0,11,False,False,8.354973882739841,False,0.027048849105834938,False
TDLB100-400__iq-mild,5.0,1,0,False,False,8.834572310865385,False,0.0492610425949096,False
TDLB100-400__iq-mild,5.0,1,1,False,False,8.535806476843131,False,0.05498492705821989,False
TDLB100-400__iq-mild,5.0,1,2,False,False,8.70659839802683,False,0.02981370389461513,False
TDLB100-400__iq-mild,5.0,1,3,False,False,8.625967902207584,False,0.05971977567672726,False
TDLB100-400__iq-mild,5.0,1,4,False,False,8.958068713265586,False,0.0433015394210815,False
TDLB100-400__iq-mild,5.0,1,5,False,False,7.921581851070654,False,0.03173924076557155,False
TDLB100-400__iq-mild,5.0,1,6,False,False,7.995619898095356,False,0.029407604217529304,False
TDLB100-400__iq-mild,5.0,1,7,False,False,9.220930874189177,False,0.04517364490032194,False
TDLB100-400__iq-mild,5.0,1,8,False,False,8.625655088354371,False,0.04635065257549287,False
TDLB100-400__iq-mild,5.0,1,9,False,False,9.628566119485438,False,0.041212177276611306,False
TDLB100-400__iq-mild,5.0,1,10,False,False,9.560836967701691,False,0.031821415901184036,False
TDLB100-400__iq-mild,5.0,1,11,False,False,11.812985277108695,False,0.051867609143257165,False
TDLB100-400__iq-mild,15.0,0,0,False,False,9.618429562010672,False,0.03469737851619714,False
TDLB100-400__iq-mild,15.0,0,1,False,False,8.176706115986308,False,0.04497856295108793,False
TDLB100-400__iq-mild,15.0,0,2,False,False,7.548290404162772,False,0.0514233095645904,False
TDLB100-400__iq-mild,15.0,0,3,False,False,7.394830666428839,False,0.03722352123260497,False
TDLB100-400__iq-mild,15.0,0,4,False,False,8.485078022029862,False,0.032311687946319556,False
TDLB100-400__iq-mild,15.0,0,5,False,False,7.112420317978899,False,0.04644981920719149,False
TDLB100-400__iq-mild,15.0,0,6,False,False,7.893334638082158,False,0.03961773192882534,False
TDLB100-400__iq-mild,15.0,0,7,False,False,8.669572542727733,False,0.04321024215221403,False
TDLB100-400__iq-mild,15.0,0,8,False,False,8.359857948868079,False,0.04504638159275054,False
TDLB100-400__iq-mild,15.0,0,9,False,False,7.939488973202477,False,0.038362996339797895,False
TDLB100-400__iq-mild,15.0,0,10,False,False,8.951396253536391,False,0.03932262265682218,False
TDLB100-400__iq-mild,15.0,0,11,False,False,7.736477239483838,False,0.0361392475366592,False
TDLB100-400__iq-mild,15.0,1,0,False,False,9.254684864810999,False,0.03691483020782471,False
TDLB100-400__iq-mild,15.0,1,1,False,False,7.511075398640393,False,0.03610145962238309,False
TDLB100-400__iq-mild,15.0,1,2,False,False,8.574528596275925,False,0.05153206598758697,False
TDLB100-400__iq-mild,15.0,1,3,False,False,7.2855331118367,False,0.03974335694313047,False
TDLB100-400__iq-mild,15.0,1,4,False,False,7.562970197463245,False,0.04549483478069305,False
TDLB100-400__iq-mild,15.0,1,5,False,False,7.326271771512527,False,0.03875434875488282,False
TDLB100-400__iq-mild,15.0,1,6,False,False,7.546301827603502,False,0.03355330884456631,False
TDLB100-400__iq-mild,15.0,1,7,False,False,8.64603415533356,False,0.044374326586723356,False
TDLB100-400__iq-mild,15.0,1,8,False,False,8.499460144131666,False,0.04748374700546265,False
TDLB100-400__iq-mild,15.0,1,9,False,False,7.967207992080633,False,0.040416452527046176,False
TDLB100-400__iq-mild,15.0,1,10,False,False,8.332008782695276,False,0.040558218479156416,False
TDLB100-400__iq-mild,15.0,1,11,False,False,8.815136018587317,False,0.041790077447891205,False
TDLB100-400__iq-mild,25.0,0,0,False,False,14.322302928856587,False,0.005705639719963074,False
TDLB100-400__iq-mild,25.0,0,1,False,False,12.277436210648968,False,0.03501249837875364,False
TDLB100-400__iq-mild,25.0,0,2,False,False,12.049857451378767,False,0.028636351346969624,False
TDLB100-400__iq-mild,25.0,0,3,False,False,10.533724218437747,False,0.019033996820449817,False
TDLB100-400__iq-mild,25.0,0,4,False,False,9.779993766516565,False,0.007235936522483888,False
TDLB100-400__iq-mild,25.0,0,5,False,False,10.913396716083804,False,0.02917626023292541,False
TDLB100-400__iq-mild,25.0,0,6,False,False,11.973716112935417,False,0.02934188091754908,False
TDLB100-400__iq-mild,25.0,0,7,False,False,11.253477503147657,False,0.006965273141860906,False
TDLB100-400__iq-mild,25.0,0,8,False,False,9.72311985872021,False,0.0005069675445555921,False
TDLB100-400__iq-mild,25.0,0,9,False,False,11.877899261800463,False,0.02521318089961999,False
TDLB100-400__iq-mild,25.0,0,10,False,False,10.201218575164738,False,0.0025159863233565893,False
TDLB100-400__iq-mild,25.0,0,11,False,False,10.70378377706171,False,0.020821053624153096,False
TDLB100-400__iq-mild,25.0,1,0,False,False,13.338635123756639,False,0.005354570627212452,False
TDLB100-400__iq-mild,25.0,1,1,False,False,10.413906229069896,False,0.006195146441459576,False
TDLB100-400__iq-mild,25.0,1,2,False,False,10.464489448358393,False,0.009089246153831443,False
TDLB100-400__iq-mild,25.0,1,3,False,False,9.97116983707917,False,0.018057257533073412,False
TDLB100-400__iq-mild,25.0,1,4,False,False,10.762237400893508,False,0.009206578016281108,False
TDLB100-400__iq-mild,25.0,1,5,False,False,10.548289536658245,False,0.01149504482746122,False
TDLB100-400__iq-mild,25.0,1,6,False,False,10.294098492955463,False,0.008413404703140226,False
TDLB100-400__iq-mild,25.0,1,7,False,False,10.883881614837458,False,0.013163389563560446,False
TDLB100-400__iq-mild,25.0,1,8,False,False,10.973051016858834,False,0.019584048032760593,False
TDLB100-400__iq-mild,25.0,1,9,False,False,10.120358517915204,False,0.000767538547515878,False
TDLB100-400__iq-mild,25.0,1,10,False,False,9.990418219363553,False,0.012003223657607975,False
TDLB100-400__iq-mild,25.0,1,11,False,False,10.893443060337052,False,0.013786108613014214,False
TDLB100-400__iq-moderate,5.0,0,0,False,False,10.138009825248192,False,0.0514368327856064,False
TDLB100-400__iq-moderate,5.0,0,1,False,False,8.54011648897496,False,0.06877289688587185,False
TDLB100-400__iq-moderate,5.0,0,2,False,False,12.660836826735332,False,0.07352683436870577,False
TDLB100-400__iq-moderate,5.0,0,3,False,False,12.241903234448028,False,0.04974237084388733,False
TDLB100-400__iq-moderate,5.0,0,4,False,False,9.353723968547078,False,0.025863195657730098,False
TDLB100-400__iq-moderate,5.0,0,5,False,False,10.429707946093867,False,0.05329569065570827,False
TDLB100-400__iq-moderate,5.0,0,6,False,False,13.287579129331558,False,0.06833652174472804,False
TDLB100-400__iq-moderate,5.0,0,7,False,False,11.887530977587128,False,0.03839000999927522,False
TDLB100-400__iq-moderate,5.0,0,8,False,False,11.508002849066559,False,0.04355718982219692,False
TDLB100-400__iq-moderate,5.0,0,9,False,False,12.568344437465868,False,0.07051877760887149,False
TDLB100-400__iq-moderate,5.0,0,10,False,False,11.801044744719297,False,0.0445844196081161,False
TDLB100-400__iq-moderate,5.0,0,11,False,False,10.995894011738049,False,0.0250630053281784,False
TDLB100-400__iq-moderate,5.0,1,0,False,False,9.389472513514017,False,0.07829605877399448,True
TDLB100-400__iq-moderate,5.0,1,1,False,False,10.646676741500603,False,0.05678434693813328,False
TDLB100-400__iq-moderate,5.0,1,2,False,False,10.934847592764582,False,0.026340326786041257,False
TDLB100-400__iq-moderate,5.0,1,3,False,False,11.46395195180727,False,0.06224106156826015,False
TDLB100-400__iq-moderate,5.0,1,4,False,False,11.559872013452955,False,0.03944774365425108,False
TDLB100-400__iq-moderate,5.0,1,5,False,False,11.421600846976729,False,0.04967088806629183,False
TDLB100-400__iq-moderate,5.0,1,6,False,False,11.579378012201426,False,0.03422052681446075,False
TDLB100-400__iq-moderate,5.0,1,7,False,False,11.856046800580899,False,0.039128139972686715,False
TDLB100-400__iq-moderate,5.0,1,8,False,False,10.890929414544777,False,0.047507468581199586,False
TDLB100-400__iq-moderate,5.0,1,9,False,False,11.354096936818207,False,0.031837410092353746,False
TDLB100-400__iq-moderate,5.0,1,10,False,False,10.230288640120154,False,0.04561164855957034,False
TDLB100-400__iq-moderate,5.0,1,11,False,False,12.986248740694101,False,0.05534831404685969,False
TDLB100-400__iq-moderate,15.0,0,0,False,False,8.22183057477952,False,0.04101015305519107,False
TDLB100-400__iq-moderate,15.0,0,1,False,False,8.466804063778937,False,0.059091865301132196,False
TDLB100-400__iq-moderate,15.0,0,2,False,False,10.929974958035967,False,0.07233631074428559,False
TDLB100-400__iq-moderate,15.0,0,3,False,False,15.079472164162434,False,0.05142094111442563,False
TDLB100-400__iq-moderate,15.0,0,4,False,False,15.560356625178457,False,0.04241246724128722,False
TDLB100-400__iq-moderate,15.0,0,5,False,False,9.516381985752705,False,0.033222585797309856,False
TDLB100-400__iq-moderate,15.0,0,6,False,False,8.681301583764272,False,0.040445673227310186,False
TDLB100-400__iq-moderate,15.0,0,7,False,False,11.928314512174442,False,0.07711475169658666,False
TDLB100-400__iq-moderate,15.0,0,8,False,False,16.767141211428715,False,0.042502476572990444,False
TDLB100-400__iq-moderate,15.0,0,9,False,False,15.193260055643089,False,0.05945615947246552,False
TDLB100-400__iq-moderate,15.0,0,10,False,False,16.05313507408202,False,0.033048728466033905,False
TDLB100-400__iq-moderate,15.0,0,11,False,False,17.573637931680814,False,0.057522249102592404,False
TDLB100-400__iq-moderate,15.0,1,0,False,False,8.702479978205227,False,0.04323721790313717,False
TDLB100-400__iq-moderate,15.0,1,1,False,False,9.197520970948815,False,0.06434617316722868,False
TDLB100-400__iq-moderate,15.0,1,2,False,False,7.938437253438415,False,0.04080786621570587,False
TDLB100-400__iq-moderate,15.0,1,3,False,False,9.983153647698263,False,0.06458771491050719,False
TDLB100-400__iq-moderate,15.0,1,4,False,False,9.430463943169716,False,0.050869535088539086,False
TDLB100-400__iq-moderate,15.0,1,5,False,False,11.606946995735546,False,0.04811804854869839,False
TDLB100-400__iq-moderate,15.0,1,6,False,False,7.375248001537168,False,0.016484119057655233,False
TDLB100-400__iq-moderate,15.0,1,7,False,False,10.178800366497615,False,0.06607016575336455,False
TDLB100-400__iq-moderate,15.0,1,8,False,False,8.322266223137381,False,0.0348965189456939,False
TDLB100-400__iq-moderate,15.0,1,9,False,False,8.110144032792554,False,0.032303140401840125,False
TDLB100-400__iq-moderate,15.0,1,10,False,False,9.416591548591455,False,0.07151405024528501,False
TDLB100-400__iq-moderate,15.0,1,11,False,False,11.859681581524338,False,0.05151156032085413,False
TDLB100-400__iq-moderate,25.0,0,0,False,True,57.67385067302007,True,0.39558216214179986,True
TDLB100-400__iq-moderate,25.0,0,1,False,True,61.22552669901934,True,0.44358649384975435,True
TDLB100-400__iq-moderate,25.0,0,2,False,True,65.48263614514967,True,0.44750155448913576,True
TDLB100-400__iq-moderate,25.0,0,3,False,True,60.94253755218044,True,0.43032163977622984,True
TDLB100-400__iq-moderate,25.0,0,4,False,True,54.613690071928104,True,0.381735503911972,True
TDLB100-400__iq-moderate,25.0,0,5,False,True,52.81429875367417,True,0.3943608559370041,True
TDLB100-400__iq-moderate,25.0,0,6,False,True,56.62643898437794,True,0.4024645899534225,True
TDLB100-400__iq-moderate,25.0,0,7,False,True,58.3017957411254,True,0.4175336000919342,True
TDLB100-400__iq-moderate,25.0,0,8,False,True,54.56245331604182,True,0.39534579789638513,True
TDLB100-400__iq-moderate,25.0,0,9,False,True,60.57495940440135,True,0.43217790269851686,True
TDLB100-400__iq-moderate,25.0,0,10,False,True,58.6938813187012,True,0.4335867133140564,True
TDLB100-400__iq-moderate,25.0,0,11,False,True,64.11597935783527,True,0.43234149789810183,True
TDLB100-400__iq-moderate,25.0,1,0,False,True,61.938607125851746,True,0.44319655013084414,True
TDLB100-400__iq-moderate,25.0,1,1,False,True,56.77782082811716,True,0.4086474606990814,True
TDLB100-400__iq-moderate,25.0,1,2,False,True,51.46441421092472,True,0.3768413769006729,True
TDLB100-400__iq-moderate,25.0,1,3,False,True,60.60274913085846,True,0.42631962442398075,True
TDLB100-400__iq-moderate,25.0,1,4,False,True,58.44175657213776,True,0.4293366492986679,True
TDLB100-400__iq-moderate,25.0,1,5,False,True,58.048800181043475,True,0.41976648557186125,True
TDLB100-400__iq-moderate,25.0,1,6,False,True,56.48199015170446,True,0.41296040010452273,True
TDLB100-400__iq-moderate,25.0,1,7,False,True,61.01326958925532,True,0.4288124309778214,True
TDLB100-400__iq-moderate,25.0,1,8,False,True,53.60461266229827,True,0.37033809351921076,True
TDLB100-400__iq-moderate,25.0,1,9,False,True,51.05049147178562,True,0.3631233242750168,True
TDLB100-400__iq-moderate,25.0,1,10,False,True,57.75971100776158,True,0.41642697489261626,True
TDLB100-400__iq-moderate,25.0,1,11,False,True,58.606366836879225,True,0.4130273917913436,True
TDLB100-400__iq-severe,5.0,0,0,False,False,9.715555603210007,False,0.08518040394783022,True
TDLB100-400__iq-severe,5.0,0,1,False,False,12.203685665416542,False,0.08213548290729522,True
TDLB100-400__iq-severe,5.0,0,2,False,False,12.260130012902966,False,0.06488813042640684,False
TDLB100-400__iq-severe,5.0,0,3,False,False,12.324128819681897,False,0.037772756457328804,False
TDLB100-400__iq-severe,5.0,0,4,False,False,12.476219126928852,False,0.05283321487903592,False
TDLB100-400__iq-severe,5.0,0,5,False,False,10.80818505876026,False,0.03545860552787783,False
TDLB100-400__iq-severe,5.0,0,6,False,False,12.512335194876458,False,0.046224346876144407,False
TDLB100-400__iq-severe,5.0,0,7,False,False,13.11450025526034,False,0.055656934738159136,False
TDLB100-400__iq-severe,5.0,0,8,False,False,12.628764664288033,False,0.0509440487623215,False
TDLB100-400__iq-severe,5.0,0,9,False,False,12.342252856561174,False,0.061889935851097144,False
TDLB100-400__iq-severe,5.0,0,10,False,False,11.82333208821588,False,0.04102480864524838,False
TDLB100-400__iq-severe,5.0,0,11,False,False,12.040467505483601,False,0.05155677521228785,False
TDLB100-400__iq-severe,5.0,1,0,False,False,9.864057321101532,False,0.07880391907691953,True
TDLB100-400__iq-severe,5.0,1,1,False,False,12.24980949776911,False,0.07095182967185976,False
TDLB100-400__iq-severe,5.0,1,2,False,False,11.774990589889258,False,0.02305350422859187,False
TDLB100-400__iq-severe,5.0,1,3,False,False,11.767444193846645,False,0.0639161883592606,False
TDLB100-400__iq-severe,5.0,1,4,False,False,13.703991983902014,False,0.08078442931175234,True
TDLB100-400__iq-severe,5.0,1,5,False,False,11.493620061100824,False,0.061633055806159964,False
TDLB100-400__iq-severe,5.0,1,6,False,False,10.783721628642247,False,0.027303337812423667,False
TDLB100-400__iq-severe,5.0,1,7,False,False,13.25953003451344,False,0.06780409407615662,False
TDLB100-400__iq-severe,5.0,1,8,False,False,12.368199471108793,False,0.03178865742683412,False
TDLB100-400__iq-severe,5.0,1,9,False,False,11.34512690163044,False,0.04145412743091581,False
TDLB100-400__iq-severe,5.0,1,10,False,False,11.82454513848724,False,0.04965467917919153,False
TDLB100-400__iq-severe,5.0,1,11,False,False,13.487322191293378,False,0.05948220694065098,False
TDLB100-400__iq-severe,15.0,0,0,False,False,11.91844204532045,False,0.07693815946578975,False
TDLB100-400__iq-severe,15.0,0,1,False,False,18.77730253295328,False,0.08524102210998541,True
TDLB100-400__iq-severe,15.0,0,2,False,False,19.638113405243086,False,0.09214284551143648,True
TDLB100-400__iq-severe,15.0,0,3,False,False,17.97621961108673,False,0.053133445978164606,False
TDLB100-400__iq-severe,15.0,0,4,False,False,19.156537609842694,False,0.05717417883872988,False
TDLB100-400__iq-severe,15.0,0,5,False,False,17.146437921143555,False,0.06820484888553624,False
TDLB100-400__iq-severe,15.0,0,6,False,False,20.535900520819308,False,0.07435696685314175,False
TDLB100-400__iq-severe,15.0,0,7,False,False,18.64815317873641,False,0.06695893180370327,False
TDLB100-400__iq-severe,15.0,0,8,False,False,20.3875838417687,False,0.06869716179370877,False
TDLB100-400__iq-severe,15.0,0,9,False,False,19.81723818310911,False,0.08144728112220767,True
TDLB100-400__iq-severe,15.0,0,10,False,False,20.322653155558875,False,0.08465424096584317,True
TDLB100-400__iq-severe,15.0,0,11,False,False,19.02744863438287,False,0.069687683224678,False
TDLB100-400__iq-severe,15.0,1,0,False,False,10.03992082407488,False,0.062436348676681463,False
TDLB100-400__iq-severe,15.0,1,1,False,False,9.400169374019422,False,0.05551293909549715,False
TDLB100-400__iq-severe,15.0,1,2,False,False,14.802395759449347,False,0.05924009466171265,False
TDLB100-400__iq-severe,15.0,1,3,False,False,19.412151360511917,False,0.08731138575077058,True
TDLB100-400__iq-severe,15.0,1,4,False,False,19.917683021381404,False,0.0935763267278672,True
TDLB100-400__iq-severe,15.0,1,5,False,False,17.525863346724865,False,0.04506593465805053,False
TDLB100-400__iq-severe,15.0,1,6,False,False,16.327815307884645,False,0.04739332282543185,False
TDLB100-400__iq-severe,15.0,1,7,False,False,19.27294324884966,False,0.07445722031593327,False
TDLB100-400__iq-severe,15.0,1,8,False,False,19.595616725461973,False,0.07036655712127682,False
TDLB100-400__iq-severe,15.0,1,9,False,False,19.815518817677514,False,0.07584860086441036,False
TDLB100-400__iq-severe,15.0,1,10,False,False,17.002427186404972,False,0.0644084923267364,False
TDLB100-400__iq-severe,15.0,1,11,False,False,19.866243646590796,False,0.07164444923400881,False
TDLB100-400__iq-severe,25.0,0,0,False,True,123.36126930548184,True,0.7051733683347702,True
TDLB100-400__iq-severe,25.0,0,1,False,True,150.32272847778054,True,0.8068179869651795,True
TDLB100-400__iq-severe,25.0,0,2,False,True,143.4700640982533,True,0.7851725370883942,True
TDLB100-400__iq-severe,25.0,0,3,False,True,136.7471721831924,True,0.7595674823522567,True
TDLB100-400__iq-severe,25.0,0,4,False,True,135.00114993080356,True,0.7606743808984756,True
TDLB100-400__iq-severe,25.0,0,5,False,True,128.48428759852916,True,0.7376432058811189,True
TDLB100-400__iq-severe,25.0,0,6,False,True,134.48142289333725,True,0.7423343768119812,True
TDLB100-400__iq-severe,25.0,0,7,False,True,140.24670266068108,True,0.7769621433019638,True
TDLB100-400__iq-severe,25.0,0,8,False,True,135.25588972572803,True,0.7501032564640044,True
TDLB100-400__iq-severe,25.0,0,9,False,True,134.8120407806741,True,0.7634092509746551,True
TDLB100-400__iq-severe,25.0,0,10,False,True,140.48287502389164,True,0.7726418758630752,True
TDLB100-400__iq-severe,25.0,0,11,False,True,138.94678286596877,True,0.7746666707992553,True
TDLB100-400__iq-severe,25.0,1,0,False,True,130.5909882081527,True,0.7454271215200423,True
TDLB100-400__iq-severe,25.0,1,1,False,True,127.91993981130864,True,0.7296681290864944,True
TDLB100-400__iq-severe,25.0,1,2,False,True,125.32459515244712,True,0.715278864979744,True
TDLB100-400__iq-severe,25.0,1,3,False,True,135.96264892447178,True,0.7648331438302993,True
TDLB100-400__iq-severe,25.0,1,4,False,True,132.6014478043413,True,0.7492733736038208,True
TDLB100-400__iq-severe,25.0,1,5,False,True,130.4367577343736,True,0.7505812951326369,True
TDLB100-400__iq-severe,25.0,1,6,False,True,128.52845500440284,True,0.737644453406334,True
TDLB100-400__iq-severe,25.0,1,7,False,True,136.70266686818115,True,0.7606814168691635,True
TDLB100-400__iq-severe,25.0,1,8,False,True,137.33993250937607,True,0.7546694620847703,True
TDLB100-400__iq-severe,25.0,1,9,False,True,132.99546822143785,True,0.7572953441143035,True
TDLB100-400__iq-severe,25.0,1,10,False,True,134.41852814067445,True,0.7494175426959993,True
TDLB100-400__iq-severe,25.0,1,11,False,True,131.73761330568956,True,0.746916948914528,True
TDLB100-400__pa-mild,5.0,0,0,False,False,10.244825444707311,False,0.05000746881961826,False
TDLB100-400__pa-mild,5.0,0,1,False,False,9.920062721326051,False,0.07126153016090397,False
TDLB100-400__pa-mild,5.0,0,2,False,False,12.033338610356894,False,0.05504492115974424,False
TDLB100-400__pa-mild,5.0,0,3,False,False,10.478187511800334,False,0.02784778141975397,False
TDLB100-400__pa-mild,5.0,0,4,False,False,9.799955628147009,False,0.029707803130149757,False
TDLB100-400__pa-mild,5.0,0,5,False,False,9.834773883627228,False,0.058898245573043795,False
TDLB100-400__pa-mild,5.0,0,6,False,False,11.794752357092145,False,0.043278435349464406,False
TDLB100-400__pa-mild,5.0,0,7,False,False,11.494372528662781,False,0.03644022071361541,False
TDLB100-400__pa-mild,5.0,0,8,False,False,9.189353336230244,False,0.030622554898262044,False
TDLB100-400__pa-mild,5.0,0,9,False,False,11.00899522015103,False,0.06203642165660861,False
TDLB100-400__pa-mild,5.0,0,10,False,False,11.587351852863383,False,0.03287142264842979,False
TDLB100-400__pa-mild,5.0,0,11,False,False,11.156644661766107,False,0.0342166899442673,False
TDLB100-400__pa-mild,5.0,1,0,False,False,9.103576776485705,False,0.05438949298858642,False
TDLB100-400__pa-mild,5.0,1,1,False,False,8.65941587927338,False,0.045240064263343815,False
TDLB100-400__pa-mild,5.0,1,2,False,False,8.619659984859467,False,0.056691680550575274,False
TDLB100-400__pa-mild,5.0,1,3,False,False,11.672921828947041,False,0.05409224927425382,False
TDLB100-400__pa-mild,5.0,1,4,False,False,10.614869648350824,False,0.033675214409828125,False
TDLB100-400__pa-mild,5.0,1,5,False,False,9.769205888036698,False,0.04697932827472684,False
TDLB100-400__pa-mild,5.0,1,6,False,False,11.135263503060166,False,0.028965127587318396,False
TDLB100-400__pa-mild,5.0,1,7,False,False,11.121844634884265,False,0.04971094489097594,False
TDLB100-400__pa-mild,5.0,1,8,False,False,9.260170419757566,False,0.037940946698188704,False
TDLB100-400__pa-mild,5.0,1,9,False,False,11.345202545622454,False,0.032924638032913234,False
TDLB100-400__pa-mild,5.0,1,10,False,False,8.260559836755455,False,0.023042505502700816,False
TDLB100-400__pa-mild,5.0,1,11,False,False,8.603557055028642,False,0.05403957533836368,False
TDLB100-400__pa-mild,15.0,0,0,False,False,8.63059636477514,False,0.03546220171451564,False
TDLB100-400__pa-mild,15.0,0,1,False,False,7.47183948080924,False,0.04801238799095153,False
TDLB100-400__pa-mild,15.0,0,2,False,False,7.38873666140843,False,0.0534776012897491,False
TDLB100-400__pa-mild,15.0,0,3,False,False,7.49774341676435,False,0.03222971534729002,False
TDLB100-400__pa-mild,15.0,0,4,False,False,7.687474391166865,False,0.0437537932395935,False
TDLB100-400__pa-mild,15.0,0,5,False,False,7.903109317845487,False,0.04076053643226618,False
TDLB100-400__pa-mild,15.0,0,6,False,False,8.364950513054572,False,0.046842186808586095,False
TDLB100-400__pa-mild,15.0,0,7,False,False,8.431116823506848,False,0.039681596755981374,False
TDLB100-400__pa-mild,15.0,0,8,False,False,7.706420032505352,False,0.033228252887725795,False
TDLB100-400__pa-mild,15.0,0,9,False,False,8.554044021145867,False,0.0427686936855316,False
TDLB100-400__pa-mild,15.0,0,10,False,False,8.985984252398096,False,0.05169693040847778,False
TDLB100-400__pa-mild,15.0,0,11,False,False,7.779772002658811,False,0.03874232828617097,False
TDLB100-400__pa-mild,15.0,1,0,False,False,9.030365100488268,False,0.034331625342369,False
TDLB100-400__pa-mild,15.0,1,1,False,False,9.102728680616151,False,0.055143409132957455,False
TDLB100-400__pa-mild,15.0,1,2,False,False,7.293308966974608,False,0.031557578682899434,False
TDLB100-400__pa-mild,15.0,1,3,False,False,7.653192144129787,False,0.04435609579086297,False
TDLB100-400__pa-mild,15.0,1,4,False,False,8.120893479261502,False,0.04046398365497583,False
TDLB100-400__pa-mild,15.0,1,5,False,False,8.797152186723032,False,0.0459476363658905,False
TDLB100-400__pa-mild,15.0,1,6,False,False,7.292711109193058,False,0.04354877662658685,False
TDLB100-400__pa-mild,15.0,1,7,False,False,9.988357494331341,False,0.04737989282608035,False
TDLB100-400__pa-mild,15.0,1,8,False,False,7.642944233864109,False,0.039752334237098674,False
TDLB100-400__pa-mild,15.0,1,9,False,False,7.141624432858629,False,0.04132206177711484,False
TDLB100-400__pa-mild,15.0,1,10,False,False,7.539471444269164,False,0.049683312654495215,False
TDLB100-400__pa-mild,15.0,1,11,False,False,8.890488958267097,False,0.06334460043907164,False
TDLB100-400__pa-mild,25.0,0,0,False,False,16.063147615376796,False,0.01738085174560544,False
TDLB100-400__pa-mild,25.0,0,1,False,False,11.376643132446828,False,0.04277083992958064,False
TDLB100-400__pa-mild,25.0,0,2,False,False,19.246689142863165,False,0.06716507375240321,False
TDLB100-400__pa-mild,25.0,0,3,False,False,19.435794969644146,False,0.015511473894119221,False
TDLB100-400__pa-mild,25.0,0,4,False,False,15.083361966014772,False,0.01628325235843653,False
TDLB100-400__pa-mild,25.0,0,5,False,False,11.451902703074927,False,0.020264304041862413,False
TDLB100-400__pa-mild,25.0,0,6,False,False,13.168160023417862,False,0.04219880390167241,False
TDLB100-400__pa-mild,25.0,0,7,False,False,12.640555783810349,False,0.02484022819995879,False
TDLB100-400__pa-mild,25.0,0,8,False,False,10.80595996808945,False,0.02182871007919307,False
TDLB100-400__pa-mild,25.0,0,9,False,False,12.46029110914783,False,0.043161563754081755,False
TDLB100-400__pa-mild,25.0,0,10,False,False,14.72156472848501,False,0.04303548204898833,False
TDLB100-400__pa-mild,25.0,0,11,False,False,20.115215665046982,False,0.04003325736522678,False
TDLB100-400__pa-mild,25.0,1,0,False,False,14.452592075344018,False,0.03225372564792628,False
TDLB100-400__pa-mild,25.0,1,1,False,False,12.908149867189215,False,0.024310440778732234,False
TDLB100-400__pa-mild,25.0,1,2,False,False,11.7864173451915,False,0.026849590659141498,False
TDLB100-400__pa-mild,25.0,1,3,False,False,13.2498245092053,False,0.04728437125682827,False
TDLB100-400__pa-mild,25.0,1,4,False,False,12.585784654843014,False,0.03223098587989803,False
TDLB100-400__pa-mild,25.0,1,5,False,False,13.719444096623734,False,0.03523014962673188,False
TDLB100-400__pa-mild,25.0,1,6,False,False,15.745624195674184,False,0.03878861451148985,False
TDLB100-400__pa-mild,25.0,1,7,False,False,16.942209385897375,False,0.03546914160251613,False
TDLB100-400__pa-mild,25.0,1,8,False,False,15.66638819215415,False,0.024668154239654516,False
TDLB100-400__pa-mild,25.0,1,9,False,False,14.22658439320253,False,0.02016901755332945,False
TDLB100-400__pa-mild,25.0,1,10,False,False,11.651036908489424,False,0.028029201626777578,False
TDLB100-400__pa-mild,25.0,1,11,False,False,13.126207281588762,False,0.042826781034469574,False
TDLB100-400__pa-moderate,5.0,0,0,False,False,11.033907327561833,False,0.07708133864402777,False
TDLB100-400__pa-moderate,5.0,0,1,False,False,13.404554896609298,False,0.1049582566022873,True
TDLB100-400__pa-moderate,5.0,0,2,False,False,13.152952582603131,False,0.09826269423961642,True
TDLB100-400__pa-moderate,5.0,0,3,False,False,12.664323754622643,False,0.07156348979473115,False
TDLB100-400__pa-moderate,5.0,0,4,False,False,11.070210076159379,False,0.05275648367404939,False
TDLB100-400__pa-moderate,5.0,0,5,False,False,12.823496585394842,False,0.0770585917234421,False
TDLB100-400__pa-moderate,5.0,0,6,False,False,13.162237122288058,False,0.0828425481319428,True
TDLB100-400__pa-moderate,5.0,0,7,False,False,13.183885967305098,False,0.08260359609127044,True
TDLB100-400__pa-moderate,5.0,0,8,False,False,12.827195680343799,False,0.08939067220687869,True
TDLB100-400__pa-moderate,5.0,0,9,False,False,12.62931136467063,False,0.07419485437870033,False
TDLB100-400__pa-moderate,5.0,0,10,False,False,12.779948990647332,False,0.06034636259078985,False
TDLB100-400__pa-moderate,5.0,0,11,False,False,12.323467821477516,False,0.06261624407768251,False
TDLB100-400__pa-moderate,5.0,1,0,False,False,10.756583104915958,False,0.1049895359277726,True
TDLB100-400__pa-moderate,5.0,1,1,False,False,11.636620982282752,False,0.06639092183113093,False
TDLB100-400__pa-moderate,5.0,1,2,False,False,12.216710503487247,False,0.05991075277328495,False
TDLB100-400__pa-moderate,5.0,1,3,False,False,11.914960506287866,False,0.07021517145633693,False
TDLB100-400__pa-moderate,5.0,1,4,False,False,13.225455300502857,False,0.0734387896060944,False
TDLB100-400__pa-moderate,5.0,1,5,False,False,12.829601114112926,False,0.0831717697381974,True
TDLB100-400__pa-moderate,5.0,1,6,False,False,12.930729744679809,False,0.07344698417186735,False
TDLB100-400__pa-moderate,5.0,1,7,False,False,13.22569644204589,False,0.06916873633861542,False
TDLB100-400__pa-moderate,5.0,1,8,False,False,12.826310823811436,False,0.04912911701202394,False
TDLB100-400__pa-moderate,5.0,1,9,False,False,14.093389192976634,False,0.08811878550052643,True
TDLB100-400__pa-moderate,5.0,1,10,False,False,11.55730956893576,False,0.04589232063293458,False
TDLB100-400__pa-moderate,5.0,1,11,False,False,13.402344621776397,False,0.09653651154041298,True
TDLB100-400__pa-moderate,15.0,0,0,False,False,10.71903574779859,False,0.05277926349639894,False
TDLB100-400__pa-moderate,15.0,0,1,False,False,8.659963227181743,False,0.06380810880661014,False
TDLB100-400__pa-moderate,15.0,0,2,False,False,16.482551723360956,False,0.06618932235240937,False
TDLB100-400__pa-moderate,15.0,0,3,False,False,15.743855518089623,False,0.03759599483013154,False
TDLB100-400__pa-moderate,15.0,0,4,False,False,14.568984853396119,False,0.04022882235050196,False
TDLB100-400__pa-moderate,15.0,0,5,False,False,10.218806503545599,False,0.03716916871070863,False
TDLB100-400__pa-moderate,15.0,0,6,False,False,16.36014402291293,False,0.07298492658138278,False
TDLB100-400__pa-moderate,15.0,0,7,False,False,19.957535683569322,False,0.06730679392814631,False
TDLB100-400__pa-moderate,15.0,0,8,False,False,17.894697811401535,False,0.03261782407760616,False
TDLB100-400__pa-moderate,15.0,0,9,False,False,14.12616320217184,False,0.05695131993293756,False
TDLB100-400__pa-moderate,15.0,0,10,False,False,14.128514657781448,False,0.04901674962043756,False
TDLB100-400__pa-moderate,15.0,0,11,False,False,19.51803800611629,False,0.06901132214069372,False
TDLB100-400__pa-moderate,15.0,1,0,False,False,10.376108345536716,False,0.0758105670213699,False
TDLB100-400__pa-moderate,15.0,1,1,False,False,8.723023344739724,False,0.04972779738903044,False
TDLB100-400__pa-moderate,15.0,1,2,False,False,11.705228658327425,False,0.057919148445129354,False
TDLB100-400__pa-moderate,15.0,1,3,False,False,17.338921455375196,False,0.06072152876853942,False
TDLB100-400__pa-moderate,15.0,1,4,False,False,18.26905140623868,False,0.06936276185512547,False
TDLB100-400__pa-moderate,15.0,1,5,False,False,16.791765904536884,False,0.049878740668296784,False
TDLB100-400__pa-moderate,15.0,1,6,False,False,14.665739978981918,False,0.03741853582859034,False
TDLB100-400__pa-moderate,15.0,1,7,False,False,18.182082996159014,False,0.06884674334526064,False
TDLB100-400__pa-moderate,15.0,1,8,False,False,11.667947435551191,False,0.030855863809585493,False
TDLB100-400__pa-moderate,15.0,1,9,False,False,17.38157810957177,False,0.06246097719669341,False
TDLB100-400__pa-moderate,15.0,1,10,False,False,15.5763826515192,False,0.050170510411262526,False
TDLB100-400__pa-moderate,15.0,1,11,False,False,18.88868605008378,False,0.05353274905681604,False
TDLB100-400__pa-moderate,25.0,0,0,False,False,40.58423147586125,True,0.17547969257831575,True
TDLB100-400__pa-moderate,25.0,0,1,False,False,41.05386702483862,True,0.19171644079685213,True
TDLB100-400__pa-moderate,25.0,0,2,False,False,39.312852773295006,True,0.17944806623458864,True
TDLB100-400__pa-moderate,25.0,0,3,False,False,37.38963669555283,True,0.15966966843605035,True
TDLB100-400__pa-moderate,25.0,0,4,False,False,36.82925582255228,True,0.13121179699897756,True
TDLB100-400__pa-moderate,25.0,0,5,False,False,36.14409109180479,True,0.14835603272914888,True
TDLB100-400__pa-moderate,25.0,0,6,False,False,40.87625791370579,True,0.18759026539325718,True
TDLB100-400__pa-moderate,25.0,0,7,False,False,40.05362994685183,True,0.19467021000385287,True
TDLB100-400__pa-moderate,25.0,0,8,False,False,37.007475822657476,True,0.14771658670902243,True
TDLB100-400__pa-moderate,25.0,0,9,False,False,36.693588679013395,True,0.1561543678045273,True
TDLB100-400__pa-moderate,25.0,0,10,False,False,38.88675196392645,True,0.1488997095823288,True
TDLB100-400__pa-moderate,25.0,0,11,False,False,39.699956208499,True,0.17884368813037876,True
TDLB100-400__pa-moderate,25.0,1,0,False,False,40.333465353980095,True,0.18702505183219909,True
TDLB100-400__pa-moderate,25.0,1,1,False,False,36.89212898305719,True,0.1550134513378143,True
TDLB100-400__pa-moderate,25.0,1,2,False,False,38.04229750816641,True,0.17970996308326725,True
TDLB100-400__pa-moderate,25.0,1,3,False,True,40.17998022974189,True,0.19096125924587248,True
TDLB100-400__pa-moderate,25.0,1,4,False,False,37.95729838601509,True,0.16879033005237576,True
TDLB100-400__pa-moderate,25.0,1,5,False,False,40.61729793774652,True,0.18437754213809965,True
TDLB100-400__pa-moderate,25.0,1,6,False,False,36.69195948274994,True,0.15408939099311825,True
TDLB100-400__pa-moderate,25.0,1,7,False,True,41.7350978455576,True,0.2027389907836914,True
TDLB100-400__pa-moderate,25.0,1,8,False,False,36.82533349694425,True,0.13240118575096127,True
TDLB100-400__pa-moderate,25.0,1,9,False,False,38.829826115053464,True,0.1734347207546234,True
TDLB100-400__pa-moderate,25.0,1,10,False,False,37.9608721887011,True,0.15889508962631227,True
TDLB100-400__pa-moderate,25.0,1,11,False,False,41.72180581488232,True,0.183659369468689,True
TDLB100-400__pa-severe,5.0,0,0,False,False,13.697041644428316,False,0.14375701427459708,True
TDLB100-400__pa-severe,5.0,0,1,False,False,12.463074033996076,False,0.103836858034134,True
TDLB100-400__pa-severe,5.0,0,2,False,False,14.69001018805287,False,0.12283935618400565,True
TDLB100-400__pa-severe,5.0,0,3,False,False,12.694798451988124,False,0.08040128123760226,True
TDLB100-400__pa-severe,5.0,0,4,False,False,13.893264311782364,False,0.10924227225780492,True
TDLB100-400__pa-severe,5.0,0,5,False,False,13.181286666468727,False,0.11979610562324516,True
TDLB100-400__pa-severe,5.0,0,6,False,False,13.174762417068173,False,0.11242137241363526,True
TDLB100-400__pa-severe,5.0,0,7,False,False,14.730456366477407,False,0.1057457370758057,True
TDLB100-400__pa-severe,5.0,0,8,False,False,12.194048324382976,False,0.09476294434070587,True
TDLB100-400__pa-severe,5.0,0,9,False,False,15.288395160435641,False,0.13356421899795534,True
TDLB100-400__pa-severe,5.0,0,10,False,False,13.727876709599924,False,0.10344588565826418,True
TDLB100-400__pa-severe,5.0,0,11,False,False,14.042101373356166,False,0.10773918735980992,True
TDLB100-400__pa-severe,5.0,1,0,False,False,12.53041200107885,False,0.1162561056613921,True
TDLB100-400__pa-severe,5.0,1,1,False,False,12.201994515509789,False,0.10173178946971895,True
TDLB100-400__pa-severe,5.0,1,2,False,False,13.770513020996837,False,0.11871675264835357,True
TDLB100-400__pa-severe,5.0,1,3,False,False,11.584149670189776,False,0.10538726484775551,True
TDLB100-400__pa-severe,5.0,1,4,False,False,13.964711132160785,False,0.11384805977344503,True
TDLB100-400__pa-severe,5.0,1,5,False,False,14.978735687771227,False,0.1332453523874283,True
TDLB100-400__pa-severe,5.0,1,6,False,False,13.43701396723631,False,0.11439765334129326,True
TDLB100-400__pa-severe,5.0,1,7,False,False,15.695660844436299,False,0.12299842047691345,True
TDLB100-400__pa-severe,5.0,1,8,False,False,14.18820319992213,False,0.09401539874076847,True
TDLB100-400__pa-severe,5.0,1,9,False,False,14.310724890485051,False,0.10080949378013615,True
TDLB100-400__pa-severe,5.0,1,10,False,False,12.555750974782288,False,0.10979145574569704,True
TDLB100-400__pa-severe,5.0,1,11,False,False,14.00367503429313,False,0.10278227674961093,True
TDLB100-400__pa-severe,15.0,0,0,False,False,17.448339139034037,False,0.11327352690696724,True
TDLB100-400__pa-severe,15.0,0,1,False,False,20.843734742292853,False,0.1076593189239502,True
TDLB100-400__pa-severe,15.0,0,2,False,False,21.879147460533545,False,0.14180404078960418,True
TDLB100-400__pa-severe,15.0,0,3,False,False,18.823733602040175,False,0.07243140721321106,False
TDLB100-400__pa-severe,15.0,0,4,False,False,18.596052599166867,False,0.0649068577289581,False
TDLB100-400__pa-severe,15.0,0,5,False,False,18.993023839145717,False,0.07349328458309179,False
TDLB100-400__pa-severe,15.0,0,6,False,False,21.78844606143617,False,0.12735930979251864,True
TDLB100-400__pa-severe,15.0,0,7,False,False,23.130262728434733,False,0.12427304363250735,True
TDLB100-400__pa-severe,15.0,0,8,False,False,21.001711012199003,False,0.1035529226064682,True
TDLB100-400__pa-severe,15.0,0,9,False,False,20.868742637769238,False,0.112094447016716,True
TDLB100-400__pa-severe,15.0,0,10,False,False,19.798341107689247,False,0.0919743456840515,True
TDLB100-400__pa-severe,15.0,0,11,False,False,19.768710510590275,False,0.10906671965122228,True
TDLB100-400__pa-severe,15.0,1,0,False,False,12.473303974022864,False,0.09295971643924716,True
TDLB100-400__pa-severe,15.0,1,1,False,False,20.51010612159193,False,0.12776698100566874,True
TDLB100-400__pa-severe,15.0,1,2,False,False,20.19813151868884,False,0.08823677635192873,True
TDLB100-400__pa-severe,15.0,1,3,False,False,22.325872725951413,False,0.12373336076736452,True
TDLB100-400__pa-severe,15.0,1,4,False,False,19.8446009812387,False,0.09347991180419923,True
TDLB100-400__pa-severe,15.0,1,5,False,False,20.19269007415796,False,0.1107177083492279,True
TDLB100-400__pa-severe,15.0,1,6,False,False,19.504042876208377,False,0.10335561442375185,True
TDLB100-400__pa-severe,15.0,1,7,False,False,21.371701820018874,False,0.1089317998886109,True
TDLB100-400__pa-severe,15.0,1,8,False,False,20.212074646329793,False,0.09089405071735379,True
TDLB100-400__pa-severe,15.0,1,9,False,False,20.146343428857463,False,0.08615289771556855,True
TDLB100-400__pa-severe,15.0,1,10,False,False,20.971695946904763,False,0.11785206460952768,True
TDLB100-400__pa-severe,15.0,1,11,False,False,23.18212255201776,False,0.11335939550399787,True
TDLB100-400__pa-severe,25.0,0,0,False,True,101.81619876981703,True,0.5967022956609727,True
TDLB100-400__pa-severe,25.0,0,1,False,True,107.07291472457986,True,0.6393776164054872,True
TDLB100-400__pa-severe,25.0,0,2,False,True,103.41123983516631,True,0.6231600078344346,True
TDLB100-400__pa-severe,25.0,0,3,False,True,96.0312282851641,True,0.5981618865728378,True
TDLB100-400__pa-severe,25.0,0,4,False,True,99.91806751453134,True,0.6227532711029053,True
TDLB100-400__pa-severe,25.0,0,5,False,True,93.73821855731937,True,0.5788152666091919,True
TDLB100-400__pa-severe,25.0,0,6,False,True,101.72679140950049,True,0.6045111922025681,True
TDLB100-400__pa-severe,25.0,0,7,False,True,107.22168790171656,True,0.6350898835659027,True
TDLB100-400__pa-severe,25.0,0,8,False,True,103.63614709925085,True,0.626461653470993,True
TDLB100-400__pa-severe,25.0,0,9,False,True,103.06131472615121,True,0.6386404948234559,True
TDLB100-400__pa-severe,25.0,0,10,False,True,104.90507204677954,True,0.6164840335845947,True
TDLB100-400__pa-severe,25.0,0,11,False,True,101.99137244281155,True,0.6136036316156388,True
TDLB100-400__pa-severe,25.0,1,0,False,True,91.24775696766162,True,0.5813758549690247,True
TDLB100-400__pa-severe,25.0,1,1,False,True,99.09760998014104,True,0.6111194356679917,True
TDLB100-400__pa-severe,25.0,1,2,False,True,92.47747655182202,True,0.5706146634817123,True
TDLB100-400__pa-severe,25.0,1,3,False,True,103.82450680592581,True,0.6312273766994476,True
TDLB100-400__pa-severe,25.0,1,4,False,True,89.07309797784873,True,0.5570830923318862,True
TDLB100-400__pa-severe,25.0,1,5,False,True,101.5286911208834,True,0.6283827443122865,True
TDLB100-400__pa-severe,25.0,1,6,False,True,102.06406024096806,True,0.615088327050209,True
TDLB100-400__pa-severe,25.0,1,7,False,True,108.38846284741848,True,0.6498664817810058,True
TDLB100-400__pa-severe,25.0,1,8,False,True,97.16669784770812,True,0.5967390469312668,True
TDLB100-400__pa-severe,25.0,1,9,False,True,94.97177115987978,True,0.5726261117458343,True
TDLB100-400__pa-severe,25.0,1,10,False,True,104.04324064505725,True,0.6260588051080704,True
TDLB100-400__pa-severe,25.0,1,11,False,True,102.43664271306582,True,0.6194205054044724,True
TDLB100-400__pn-mild,5.0,0,0,False,False,8.502482615166373,False,0.052776220679283115,False
TDLB100-400__pn-mild,5.0,0,1,False,False,8.53640390971704,False,0.047662643790244985,False
TDLB100-400__pn-mild,5.0,0,2,False,False,9.255847814499095,False,0.06748406612873081,False
TDLB100-400__pn-mild,5.0,0,3,False,False,8.296603447295889,False,0.024122245192527703,False
TDLB100-400__pn-mild,5.0,0,4,False,False,8.205284564618093,False,0.030510771870613018,False
TDLB100-400__pn-mild,5.0,0,5,False,False,9.30283762677673,False,0.04393961620330811,False
TDLB100-400__pn-mild,5.0,0,6,False,False,8.5188517731967,False,0.046568445801734915,False
TDLB100-400__pn-mild,5.0,0,7,False,False,8.508029644575254,False,0.056020618557929946,False
TDLB100-400__pn-mild,5.0,0,8,False,False,10.194112638006672,False,0.057676421761512775,False
TDLB100-400__pn-mild,5.0,0,9,False,False,11.126751182762568,False,0.02367799842357632,False
TDLB100-400__pn-mild,5.0,0,10,False,False,10.441535374024632,False,0.0409921742677688,False
TDLB100-400__pn-mild,5.0,0,11,False,False,11.168254451974907,False,0.03155445480346675,False
TDLB100-400__pn-mild,5.0,1,0,False,False,8.54565881210486,False,0.0485760691165924,False
TDLB100-400__pn-mild,5.0,1,1,False,False,9.442444375202097,False,0.05940754640102386,False
TDLB100-400__pn-mild,5.0,1,2,False,False,9.358745751203273,False,0.043563640832900985,False
TDLB100-400__pn-mild,5.0,1,3,False,False,9.990295579198293,False,0.0520575836896896,False
TDLB100-400__pn-mild,5.0,1,4,False,False,11.113214000963938,False,0.03515358793735501,False
TDLB100-400__pn-mild,5.0,1,5,False,False,9.487461332850238,False,0.037160379886627126,False
TDLB100-400__pn-mild,5.0,1,6,False,False,8.92323247631084,False,0.03413055467605586,False
TDLB100-400__pn-mild,5.0,1,7,False,False,8.87233551879032,False,0.031232813358306855,False
TDLB100-400__pn-mild,5.0,1,8,False,False,7.848696331889378,False,0.031018426060676507,False
TDLB100-400__pn-mild,5.0,1,9,False,False,8.994497153685971,False,0.03570970857143396,False
TDLB100-400__pn-mild,5.0,1,10,False,False,8.435800338842885,False,0.044958828449249255,False
TDLB100-400__pn-mild,5.0,1,11,False,False,9.450227669542032,False,0.05648799443244934,False
TDLB100-400__pn-mild,15.0,0,0,False,False,8.859621627788997,False,0.0315475723743438,False
TDLB100-400__pn-mild,15.0,0,1,False,False,7.648131043207482,False,0.05601403844356534,False
TDLB100-400__pn-mild,15.0,0,2,False,False,7.413654172172474,False,0.04086400127410883,False
TDLB100-400__pn-mild,15.0,0,3,False,False,8.789560746389062,False,0.051550026655197145,False
TDLB100-400__pn-mild,15.0,0,4,False,False,7.842638104382062,False,0.03759881854057312,False
TDLB100-400__pn-mild,15.0,0,5,False,False,7.457833776208712,False,0.04863305044174193,False
TDLB100-400__pn-mild,15.0,0,6,False,False,7.378492173803886,False,0.03899241399765008,False
TDLB100-400__pn-mild,15.0,0,7,False,False,8.560325005536251,False,0.045898280501365685,False
TDLB100-400__pn-mild,15.0,0,8,False,False,7.512758136242735,False,0.0381776136159897,False
TDLB100-400__pn-mild,15.0,0,9,False,False,7.869223662838185,False,0.04472740030288691,False
TDLB100-400__pn-mild,15.0,0,10,False,False,8.438239850091124,False,0.04724846518039705,False
TDLB100-400__pn-mild,15.0,0,11,False,False,7.482478384451313,False,0.028402784824371308,False
TDLB100-400__pn-mild,15.0,1,0,False,False,8.395354336291941,False,0.03441164493560789,False
TDLB100-400__pn-mild,15.0,1,1,False,False,8.0002674715197,False,0.051917422771453836,False
TDLB100-400__pn-mild,15.0,1,2,False,False,8.174323287554898,False,0.034733886718749996,False
TDLB100-400__pn-mild,15.0,1,3,False,False,8.519029064352868,False,0.056154177427291896,False
TDLB100-400__pn-mild,15.0,1,4,False,False,7.383983159445334,False,0.03369436585903163,False
TDLB100-400__pn-mild,15.0,1,5,False,False,7.60818448921702,False,0.03894342160224917,False
TDLB100-400__pn-mild,15.0,1,6,False,False,7.683769152769444,False,0.03885740482807154,False
TDLB100-400__pn-mild,15.0,1,7,False,False,8.349824373097311,False,0.051168224215507485,False
TDLB100-400__pn-mild,15.0,1,8,False,False,8.160164013040639,False,0.026708539724349944,False
TDLB100-400__pn-mild,15.0,1,9,False,False,8.590467523045689,False,0.04913296473026274,False
TDLB100-400__pn-mild,15.0,1,10,False,False,8.379265037912647,False,0.04161171174049372,False
TDLB100-400__pn-mild,15.0,1,11,False,False,8.219283582810508,False,0.052316764950752215,False
TDLB100-400__pn-mild,25.0,0,0,False,False,23.265009133226616,False,0.06259869372844695,False
TDLB100-400__pn-mild,25.0,0,1,False,False,36.05307857482213,True,0.10544837963581088,True
TDLB100-400__pn-mild,25.0,0,2,False,False,37.86282648828729,True,0.1225156548023223,True
TDLB100-400__pn-mild,25.0,0,3,False,False,33.21546964906566,True,0.046415723323822045,False
TDLB100-400__pn-mild,25.0,0,4,False,False,31.174172589009835,True,0.04293296372890476,False
TDLB100-400__pn-mild,25.0,0,5,False,False,32.896636304086854,True,0.0527764605283737,False
TDLB100-400__pn-mild,25.0,0,6,False,False,35.42525107092098,True,0.08171642625331876,True
TDLB100-400__pn-mild,25.0,0,7,False,False,34.1458872519675,True,0.05008932924270626,False
TDLB100-400__pn-mild,25.0,0,8,False,False,35.91529270679508,True,0.09384675204753878,True
TDLB100-400__pn-mild,25.0,0,9,False,False,33.0745250772799,True,0.06572661387920375,False
TDLB100-400__pn-mild,25.0,0,10,False,False,34.08667765336924,True,0.06003978598117832,False
TDLB100-400__pn-mild,25.0,0,11,False,False,35.87674619464744,True,0.08206442284584048,True
TDLB100-400__pn-mild,25.0,1,0,False,False,21.406420054448425,False,0.06525343835353847,False
TDLB100-400__pn-mild,25.0,1,1,False,False,35.282936655492755,True,0.08989925432205204,True
TDLB100-400__pn-mild,25.0,1,2,False,False,35.02186640068346,True,0.06640380537509916,False
TDLB100-400__pn-mild,25.0,1,3,False,False,35.564508365528965,True,0.07891685461997988,True
TDLB100-400__pn-mild,25.0,1,4,False,False,35.00606030293536,True,0.07253674042224889,False
TDLB100-400__pn-mild,25.0,1,5,False,False,35.96975056499911,True,0.08409018349647523,True
TDLB100-400__pn-mild,25.0,1,6,False,False,34.595422090237435,True,0.07154098761081695,False
TDLB100-400__pn-mild,25.0,1,7,False,False,37.00351940364399,True,0.08878633594512941,True
TDLB100-400__pn-mild,25.0,1,8,False,False,35.458916764678264,True,0.06613129854202271,False
TDLB100-400__pn-mild,25.0,1,9,False,False,36.22391530591964,True,0.0784849343299866,True
TDLB100-400__pn-mild,25.0,1,10,False,False,34.291164795124054,True,0.06287364101409909,False
TDLB100-400__pn-mild,25.0,1,11,False,False,35.84946669627042,True,0.07878033316135413,True
TDLB100-400__pn-moderate,5.0,0,0,False,False,10.153443385337313,False,0.07706605017185209,False
TDLB100-400__pn-moderate,5.0,0,1,False,False,10.702743306640725,False,0.057799915790557876,False
TDLB100-400__pn-moderate,5.0,0,2,False,False,12.28412046787302,False,0.0486370959281921,False
TDLB100-400__pn-moderate,5.0,0,3,False,False,12.168790510013732,False,0.034403026342391896,False
TDLB100-400__pn-moderate,5.0,0,4,False,False,9.70072291541094,False,0.029540826678276066,False
TDLB100-400__pn-moderate,5.0,0,5,False,False,8.82051958044956,False,0.052216766238212586,False
TDLB100-400__pn-moderate,5.0,0,6,False,False,11.799596059747335,False,0.0430220866203308,False
TDLB100-400__pn-moderate,5.0,0,7,False,False,11.67244167004338,False,0.029880690813064548,False
TDLB100-400__pn-moderate,5.0,0,8,False,False,12.034306175288439,False,0.05480451643466944,False
TDLB100-400__pn-moderate,5.0,0,9,False,False,11.750882082026983,False,0.05666708648204799,False
TDLB100-400__pn-moderate,5.0,0,10,False,False,12.331042425160055,False,0.04806348443031305,False
TDLB100-400__pn-moderate,5.0,0,11,False,False,13.7022861372312,False,0.061291515946388264,False
TDLB100-400__pn-moderate,5.0,1,0,False,False,8.937580041845813,False,0.06817745935916897,False
TDLB100-400__pn-moderate,5.0,1,1,False,False,11.677092355923326,False,0.060944271564483676,False
TDLB100-400__pn-moderate,5.0,1,2,False,False,11.7031945915938,False,0.030664040565490658,False
TDLB100-400__pn-moderate,5.0,1,3,False,False,10.19562762253847,False,0.05650606596469876,False
TDLB100-400__pn-moderate,5.0,1,4,False,False,11.009039343879623,False,0.038801168203353886,False
TDLB100-400__pn-moderate,5.0,1,5,False,False,12.079524496397488,False,0.04971929979324341,False
TDLB100-400__pn-moderate,5.0,1,6,False,False,11.474397137496053,False,0.03672462081909178,False
TDLB100-400__pn-moderate,5.0,1,7,False,False,12.051567568481325,False,0.044741698861122114,False
TDLB100-400__pn-moderate,5.0,1,8,False,False,12.57823059453527,False,0.03936441528797152,False
TDLB100-400__pn-moderate,5.0,1,9,False,False,13.203281749107813,False,0.04873245739936827,False
TDLB100-400__pn-moderate,5.0,1,10,False,False,9.62014308042356,False,0.03692921054363252,False
TDLB100-400__pn-moderate,5.0,1,11,False,False,11.7372576393335,False,0.05008102238178258,False
TDLB100-400__pn-moderate,15.0,0,0,False,False,14.018150099137802,False,0.08840323305130005,True
TDLB100-400__pn-moderate,15.0,0,1,False,False,19.574268726999165,False,0.09569330012798316,True
TDLB100-400__pn-moderate,15.0,0,2,False,False,21.57611875618279,False,0.10542504191398627,True
TDLB100-400__pn-moderate,15.0,0,3,False,False,20.150297781703802,False,0.08289687919616695,True
TDLB100-400__pn-moderate,15.0,0,4,False,False,19.466792322427075,False,0.07808046770095822,True
TDLB100-400__pn-moderate,15.0,0,5,False,False,15.932240597741488,False,0.05337470126152033,False
TDLB100-400__pn-moderate,15.0,0,6,False,False,20.909481588307685,False,0.09380463922023774,True
TDLB100-400__pn-moderate,15.0,0,7,False,False,19.36291208942928,False,0.0642752107381821,False
TDLB100-400__pn-moderate,15.0,0,8,False,False,19.88011051013686,False,0.06345619618892673,False
TDLB100-400__pn-moderate,15.0,0,9,False,False,18.481581342116094,False,0.05552419388294216,False
TDLB100-400__pn-moderate,15.0,0,10,False,False,20.53913716048519,False,0.0782441160678864,True
TDLB100-400__pn-moderate,15.0,0,11,False,False,20.573881529880865,False,0.09965144574642182,True
TDLB100-400__pn-moderate,15.0,1,0,False,False,8.984498214339645,False,0.06629692745208737,False
TDLB100-400__pn-moderate,15.0,1,1,False,False,18.51696776240877,False,0.10196960723400117,True
TDLB100-400__pn-moderate,15.0,1,2,False,False,17.72925200509564,False,0.044663056135177626,False
TDLB100-400__pn-moderate,15.0,1,3,False,False,17.036040522784134,False,0.053374826669692954,False
TDLB100-400__pn-moderate,15.0,1,4,False,False,18.89144974055795,False,0.07049982893466955,False
TDLB100-400__pn-moderate,15.0,1,5,False,False,19.78272154408471,False,0.08003211331367499,True
TDLB100-400__pn-moderate,15.0,1,6,False,False,17.33487374130696,False,0.05353458023071289,False
TDLB100-400__pn-moderate,15.0,1,7,False,False,22.083233736446303,False,0.09133325850963592,True
TDLB100-400__pn-moderate,15.0,1,8,False,False,19.41322916200465,False,0.06975946748256678,False
TDLB100-400__pn-moderate,15.0,1,9,False,False,18.420453614148755,False,0.04649343621730806,False
TDLB100-400__pn-moderate,15.0,1,10,False,False,16.341220877434115,False,0.07918023991584777,True
TDLB100-400__pn-moderate,15.0,1,11,False,False,20.018133204466952,False,0.06153050398826598,False
TDLB100-400__pn-moderate,25.0,0,0,False,True,77.23045027658911,True,0.5184489064216613,True
TDLB100-400__pn-moderate,25.0,0,1,False,True,67.3618113738304,True,0.4956441439390183,True
TDLB100-400__pn-moderate,25.0,0,2,False,True,84.46247283167145,True,0.5732024320363999,True
TDLB100-400__pn-moderate,25.0,0,3,False,True,72.00232547278817,True,0.5125914875268935,True
TDLB100-400__pn-moderate,25.0,0,4,False,True,72.11197003454976,True,0.5242733366489412,True
TDLB100-400__pn-moderate,25.0,0,5,False,True,74.28963864255155,True,0.517535515666008,True
TDLB100-400__pn-moderate,25.0,0,6,False,True,67.26067691659465,True,0.4951795942783355,True
TDLB100-400__pn-moderate,25.0,0,7,False,True,74.29418187511703,True,0.5192246487140655,True
TDLB100-400__pn-moderate,25.0,0,8,False,True,72.13668478392673,True,0.5135965619087219,True
TDLB100-400__pn-moderate,25.0,0,9,False,True,75.72803869195289,True,0.5358072963953018,True
TDLB100-400__pn-moderate,25.0,0,10,False,True,74.45235775302618,True,0.5363027545213699,True
TDLB100-400__pn-moderate,25.0,0,11,False,True,80.97457086498878,True,0.5492941838502884,True
TDLB100-400__pn-moderate,25.0,1,0,False,True,82.81968253006269,True,0.5641842132806778,True
TDLB100-400__pn-moderate,25.0,1,1,False,True,73.39522546957724,True,0.5295075416564942,True
TDLB100-400__pn-moderate,25.0,1,2,False,True,74.77788002322811,True,0.5322887703180312,True
TDLB100-400__pn-moderate,25.0,1,3,False,True,79.82154221600835,True,0.554294258236885,True
TDLB100-400__pn-moderate,25.0,1,4,False,True,74.42894116522403,True,0.5200202500820159,True
TDLB100-400__pn-moderate,25.0,1,5,False,True,77.87445447772897,True,0.5539193060398102,True
TDLB100-400__pn-moderate,25.0,1,6,False,True,73.05872569079477,True,0.5221740052700043,True
TDLB100-400__pn-moderate,25.0,1,7,False,True,77.65111028576531,True,0.551758226633072,True
TDLB100-400__pn-moderate,25.0,1,8,False,True,73.52737815398146,True,0.5068442414999008,True
TDLB100-400__pn-moderate,25.0,1,9,False,True,72.357624754483,True,0.5046263414621353,True
TDLB100-400__pn-moderate,25.0,1,10,False,True,77.3958833411363,True,0.5284355968236923,True
TDLB100-400__pn-moderate,25.0,1,11,False,True,73.88799388289088,True,0.5168880162239076,True
TDLB100-400__pn-severe,5.0,0,0,False,False,9.50678220289206,False,0.08194949269294738,True
TDLB100-400__pn-severe,5.0,0,1,False,False,11.304568625808967,False,0.07271111929416663,True
TDLB100-400__pn-severe,5.0,0,2,False,False,14.465410566998766,False,0.11806787121295936,True
TDLB100-400__pn-severe,5.0,0,3,False,False,12.702889381644972,False,0.057020777583122295,False
TDLB100-400__pn-severe,5.0,0,4,False,False,14.166983799648024,False,0.06955112266540531,True
TDLB100-400__pn-severe,5.0,0,5,False,False,13.214246670115786,False,0.08049315941333768,True
TDLB100-400__pn-severe,5.0,0,6,False,False,13.167382463989913,False,0.05252459371089935,False
TDLB100-400__pn-severe,5.0,0,7,False,False,13.724163484235156,False,0.06479762101173403,False
TDLB100-400__pn-severe,5.0,0,8,False,False,11.96018457884849,False,0.06116660368442539,False
TDLB100-400__pn-severe,5.0,0,9,False,False,12.299076775605013,False,0.05822672128677364,False
TDLB100-400__pn-severe,5.0,0,10,False,False,12.493421930779961,False,0.059793463349342324,False
TDLB100-400__pn-severe,5.0,0,11,False,False,12.478987909690858,False,0.06357168900966648,False
TDLB100-400__pn-severe,5.0,1,0,False,False,9.77324730786741,False,0.09532418274879462,True
TDLB100-400__pn-severe,5.0,1,1,False,False,13.671923232764364,False,0.06514436888694763,False
TDLB100-400__pn-severe,5.0,1,2,False,False,12.926396858845406,False,0.06445269703865053,False
TDLB100-400__pn-severe,5.0,1,3,False,False,12.878854049214077,False,0.08756556487083433,True
TDLB100-400__pn-severe,5.0,1,4,False,False,12.837895016335041,False,0.07038586568832395,True
TDLB100-400__pn-severe,5.0,1,5,False,False,11.540031981220315,False,0.06788956403732305,True
TDLB100-400__pn-severe,5.0,1,6,False,False,11.727326308322166,False,0.04201385200023655,False
TDLB100-400__pn-severe,5.0,1,7,False,False,12.767603804629077,False,0.07794738006591795,True
TDLB100-400__pn-severe,5.0,1,8,False,False,13.19935331895842,False,0.04813108456134796,False
TDLB100-400__pn-severe,5.0,1,9,False,False,12.052635007206685,False,0.0702514129877091,True
TDLB100-400__pn-severe,5.0,1,10,False,False,12.533093642287088,False,0.06557319843769072,False
TDLB100-400__pn-severe,5.0,1,11,False,False,13.382359707508277,False,0.07109699213504794,True
TDLB100-400__pn-severe,15.0,0,0,False,False,30.444701694669515,True,0.30836848115921023,True
TDLB100-400__pn-severe,15.0,0,1,False,False,29.656596962313607,True,0.3193621094226837,True
TDLB100-400__pn-severe,15.0,0,2,False,False,36.32087540148315,True,0.35103104031085974,True
TDLB100-400__pn-severe,15.0,0,3,False,False,32.55703662520939,True,0.3453185943365097,True
TDLB100-400__pn-severe,15.0,0,4,False,False,29.890876265357516,True,0.2763357380628586,True
TDLB100-400__pn-severe,15.0,0,5,False,False,30.238467758098167,True,0.31146081781387325,True
TDLB100-400__pn-severe,15.0,0,6,False,False,29.8870074391054,True,0.2964684356451035,True
TDLB100-400__pn-severe,15.0,0,7,False,False,33.52816952585567,True,0.3422344321012497,True
TDLB100-400__pn-severe,15.0,0,8,False,False,28.94328685888494,True,0.30404087519645695,True
TDLB100-400__pn-severe,15.0,0,9,False,False,33.82523959441178,True,0.3483877713680268,True
TDLB100-400__pn-severe,15.0,0,10,False,False,30.38790923270893,True,0.3248268558979035,True
TDLB100-400__pn-severe,15.0,0,11,False,True,33.752817967024775,True,0.34793140387535104,True
TDLB100-400__pn-severe,15.0,1,0,False,False,29.949579216919748,True,0.3151755595207214,True
TDLB100-400__pn-severe,15.0,1,1,False,False,29.11216348187992,True,0.3042184398174286,True
TDLB100-400__pn-severe,15.0,1,2,False,False,28.721011570076815,True,0.2882193791866302,True
TDLB100-400__pn-severe,15.0,1,3,False,False,31.81063171898247,True,0.3183744374513626,True
TDLB100-400__pn-severe,15.0,1,4,False,False,32.70990641305397,True,0.3212806751728058,True
TDLB100-400__pn-severe,15.0,1,5,False,False,30.57531894787024,True,0.3119767053127289,True
TDLB100-400__pn-severe,15.0,1,6,False,False,28.64550395061058,True,0.29515223610401153,True
TDLB100-400__pn-severe,15.0,1,7,False,False,32.04203984254324,True,0.31204999256134036,True
TDLB100-400__pn-severe,15.0,1,8,False,False,29.361186540228605,True,0.29113199985027316,True
TDLB100-400__pn-severe,15.0,1,9,False,False,30.766354216002238,True,0.3048938874006272,True
TDLB100-400__pn-severe,15.0,1,10,False,False,32.64493306097281,True,0.30517926990985866,True
TDLB100-400__pn-severe,15.0,1,11,False,False,36.85858811593671,True,0.34308758270740514,True
TDLB100-400__pn-severe,25.0,0,0,False,True,174.1481752055622,True,0.8929505282640456,True
TDLB100-400__pn-severe,25.0,0,1,False,True,179.20895099548764,True,0.8979406994581223,True
TDLB100-400__pn-severe,25.0,0,2,False,True,175.74837109905062,True,0.8925011916160583,True
TDLB100-400__pn-severe,25.0,0,3,False,True,176.52270157036284,True,0.895389552116394,True
TDLB100-400__pn-severe,25.0,0,4,False,True,175.924064690721,True,0.8921749106645583,True
TDLB100-400__pn-severe,25.0,0,5,False,True,175.94320575665904,True,0.8985378284454345,True
TDLB100-400__pn-severe,25.0,0,6,False,True,179.54427219619305,True,0.8999112465381622,True
TDLB100-400__pn-severe,25.0,0,7,False,True,177.4856574828782,True,0.8955308712720871,True
TDLB100-400__pn-severe,25.0,0,8,False,True,179.2385653186023,True,0.9073921164274216,True
TDLB100-400__pn-severe,25.0,0,9,False,True,179.18670448532737,True,0.8967971442937851,True
TDLB100-400__pn-severe,25.0,0,10,False,True,174.22303558242646,True,0.8881763997077942,True
TDLB100-400__pn-severe,25.0,0,11,False,True,175.02528413520787,True,0.8887681823968887,True
TDLB100-400__pn-severe,25.0,1,0,False,True,177.87562162131564,True,0.899367692232132,True
TDLB100-400__pn-severe,25.0,1,1,False,True,175.97319126848228,True,0.8934197295904159,True
TDLB100-400__pn-severe,25.0,1,2,False,True,175.88283659923746,True,0.8952591345310211,True
TDLB100-400__pn-severe,25.0,1,3,False,True,178.32275961327844,True,0.8994556704759598,True
TDLB100-400__pn-severe,25.0,1,4,False,True,177.2802402280885,True,0.8940619744062424,True
TDLB100-400__pn-severe,25.0,1,5,False,True,172.38949977015227,True,0.888028889298439,True
TDLB100-400__pn-severe,25.0,1,6,False,True,174.57769460247138,True,0.8909936169385909,True
TDLB100-400__pn-severe,25.0,1,7,False,True,179.56752794599348,True,0.9021730012893676,True
TDLB100-400__pn-severe,25.0,1,8,False,True,173.93434350096155,True,0.8846702101230621,True
TDLB100-400__pn-severe,25.0,1,9,False,True,180.27950161980542,True,0.9063006687164307,True
TDLB100-400__pn-severe,25.0,1,10,False,True,171.4963572667371,True,0.8844350833892822,True
TDLB100-400__pn-severe,25.0,1,11,False,True,175.47482932809962,True,0.8856430125236511,True
TDLC300-100__cfo-mild,5.0,0,0,False,False,185.71373882842238,True,0.047593093991279645,False
TDLC300-100__cfo-mild,5.0,0,1,False,False,168.93255001730654,True,0.0401890630722046,False
TDLC300-100__cfo-mild,5.0,0,2,False,False,180.3389675492055,True,0.05207179105281834,False
TDLC300-100__cfo-mild,5.0,0,3,False,False,161.0719824130325,True,0.01757345914840691,False
TDLC300-100__cfo-mild,5.0,0,4,False,False,162.76433341606662,True,0.019531996607780377,False
TDLC300-100__cfo-mild,5.0,0,5,False,False,167.0068173790365,True,0.035647891759872374,False
TDLC300-100__cfo-mild,5.0,0,6,False,False,176.12276458265202,True,0.04956178796291355,False
TDLC300-100__cfo-mild,5.0,0,7,False,False,195.33646019448776,True,0.0126336622238159,False
TDLC300-100__cfo-mild,5.0,0,8,False,False,173.88507982113754,True,0.037348880171775845,False
TDLC300-100__cfo-mild,5.0,0,9,False,False,181.72776547074736,True,0.035779323816299446,False
TDLC300-100__cfo-mild,5.0,0,10,False,False,194.11515596317693,True,0.0425143922567367,False
TDLC300-100__cfo-mild,5.0,0,11,False,False,161.87268919928476,True,0.037966343164443916,False
TDLC300-100__cfo-mild,5.0,1,0,False,False,157.9433114784281,True,0.05715412116050722,False
TDLC300-100__cfo-mild,5.0,1,1,False,False,161.4630436084294,True,0.05757422065734863,False
TDLC300-100__cfo-mild,5.0,1,2,False,False,193.1696553602052,True,0.014543562769889773,False
TDLC300-100__cfo-mild,5.0,1,3,False,False,161.09193122290196,True,0.029244092345237727,False
TDLC300-100__cfo-mild,5.0,1,4,False,False,169.52274285943875,True,0.03666076409816743,False
TDLC300-100__cfo-mild,5.0,1,5,False,False,174.01146789755413,True,0.03587351119518278,False
TDLC300-100__cfo-mild,5.0,1,6,False,False,177.5195867177854,True,0.021881348967552117,False
TDLC300-100__cfo-mild,5.0,1,7,False,False,164.36574004552722,True,0.045542808055877626,False
TDLC300-100__cfo-mild,5.0,1,8,False,False,178.25523346975234,True,0.02409369361400604,False
TDLC300-100__cfo-mild,5.0,1,9,False,False,190.86506855738915,True,0.036560457348823516,False
TDLC300-100__cfo-mild,5.0,1,10,False,False,160.84222169495413,True,0.01983570539951318,False
TDLC300-100__cfo-mild,5.0,1,11,False,False,195.04828685645722,True,0.03151681995391842,False
TDLC300-100__cfo-mild,15.0,0,0,False,False,183.57891768768314,True,0.03386127841472619,False
TDLC300-100__cfo-mild,15.0,0,1,False,False,166.06489602340065,True,0.0381987673044204,False
TDLC300-100__cfo-mild,15.0,0,2,False,False,179.5817919091466,True,0.06258071780204777,False
TDLC300-100__cfo-mild,15.0,0,3,False,False,156.80707985748188,True,0.01755017268657677,False
TDLC300-100__cfo-mild,15.0,0,4,False,False,163.08817441635225,True,0.03704883098602296,False
TDLC300-100__cfo-mild,15.0,0,5,False,False,162.26947720191114,True,0.042530575275421145,False
TDLC300-100__cfo-mild,15.0,0,6,False,False,169.2566506908205,True,0.04135989022254938,False
TDLC300-100__cfo-mild,15.0,0,7,False,False,193.6182667114692,True,0.04602724325656893,False
TDLC300-100__cfo-mild,15.0,0,8,False,False,170.59238746473437,True,0.03875925183296203,False
TDLC300-100__cfo-mild,15.0,0,9,False,False,179.53345775187557,True,0.050219920277595476,False
TDLC300-100__cfo-mild,15.0,0,10,False,False,190.7723044540864,True,0.040350916147232074,False
TDLC300-100__cfo-mild,15.0,0,11,False,False,158.64543475502745,True,0.041237244606018075,False
TDLC300-100__cfo-mild,15.0,1,0,False,False,157.54647014770012,True,0.04171223092079157,False
TDLC300-100__cfo-mild,15.0,1,1,False,False,159.23809872323343,True,0.039403537988662696,False
TDLC300-100__cfo-mild,15.0,1,2,False,False,188.5367579696482,True,0.02418987476825707,False
TDLC300-100__cfo-mild,15.0,1,3,False,False,160.16283510640815,True,0.05790170800685879,False
TDLC300-100__cfo-mild,15.0,1,4,False,False,163.2207210229005,True,0.03014833354949953,False
TDLC300-100__cfo-mild,15.0,1,5,False,False,168.14410295823023,True,0.037286784529685923,False
TDLC300-100__cfo-mild,15.0,1,6,False,False,173.3817033310472,True,0.036765867948532094,False
TDLC300-100__cfo-mild,15.0,1,7,False,False,160.42135989799831,True,0.047452172756195066,False
TDLC300-100__cfo-mild,15.0,1,8,False,False,172.5696195545955,True,0.015564026355743388,False
TDLC300-100__cfo-mild,15.0,1,9,False,False,184.63777065952058,True,0.039466846466064465,False
TDLC300-100__cfo-mild,15.0,1,10,False,False,158.82613471502228,True,0.04705133175849918,False
TDLC300-100__cfo-mild,15.0,1,11,False,False,190.072140366584,True,0.03387918043136595,False
TDLC300-100__cfo-mild,25.0,0,0,False,False,185.3893296806712,True,0.037401531696319545,False
TDLC300-100__cfo-mild,25.0,0,1,False,False,168.34549995443592,True,0.010516016364097602,False
TDLC300-100__cfo-mild,25.0,0,2,False,False,178.28740220478306,True,0.0001600487232208403,False
TDLC300-100__cfo-mild,25.0,0,3,False,False,158.2792553599369,True,0.031477734088897646,False
TDLC300-100__cfo-mild,25.0,0,4,False,False,162.39334100107448,True,0.025735992908477723,False
TDLC300-100__cfo-mild,25.0,0,5,False,False,163.3625956901557,True,0.002138483285903936,False
TDLC300-100__cfo-mild,25.0,0,6,False,False,169.72197792934318,True,0.02138016164302825,False
TDLC300-100__cfo-mild,25.0,0,7,False,False,194.3136079649966,True,0.011072148442268337,False
TDLC300-100__cfo-mild,25.0,0,8,False,False,171.5986160685293,True,0.026403442859649573,False
TDLC300-100__cfo-mild,25.0,0,9,False,False,180.22183148891298,True,0.00788622736930844,False
TDLC300-100__cfo-mild,25.0,0,10,False,False,191.1080488186278,True,0.029957377791404727,False
TDLC300-100__cfo-mild,25.0,0,11,False,False,160.50633560086544,True,0.012710326910018832,False
TDLC300-100__cfo-mild,25.0,1,0,False,False,159.56585262562373,True,0.03390594339370723,False
TDLC300-100__cfo-mild,25.0,1,1,False,False,158.21289180164064,True,0.021257120847701927,False
TDLC300-100__cfo-mild,25.0,1,2,False,False,189.60604413587512,True,0.016193603396415623,False
TDLC300-100__cfo-mild,25.0,1,3,False,False,158.9744942657119,True,0.01666402018070212,False
TDLC300-100__cfo-mild,25.0,1,4,False,False,165.50236343427724,True,0.008704393506050012,False
TDLC300-100__cfo-mild,25.0,1,5,False,False,168.80665852018143,True,0.017186180830001785,False
TDLC300-100__cfo-mild,25.0,1,6,False,False,175.1535568640963,True,0.008820401191711347,False
TDLC300-100__cfo-mild,25.0,1,7,False,False,160.54651386033626,True,0.016135787606239238,False
TDLC300-100__cfo-mild,25.0,1,8,False,False,171.41806244926934,True,0.024763220191001856,False
TDLC300-100__cfo-mild,25.0,1,9,False,False,186.65533447302184,True,0.006640292644500723,False
TDLC300-100__cfo-mild,25.0,1,10,False,False,157.36690976919755,True,0.0218981845378875,False
TDLC300-100__cfo-mild,25.0,1,11,False,False,189.99222704070172,True,0.013558747172355612,False
TDLC300-100__cfo-moderate,5.0,0,0,False,False,184.8773243863761,True,0.05281930077075958,False
TDLC300-100__cfo-moderate,5.0,0,1,False,False,167.94093960636667,True,0.03299449944496158,False
TDLC300-100__cfo-moderate,5.0,0,2,False,False,181.7740781335945,True,0.05606179606914519,False
TDLC300-100__cfo-moderate,5.0,0,3,False,False,163.03677723428106,True,0.02164735591411593,False
TDLC300-100__cfo-moderate,5.0,0,4,False,False,168.41284424122466,True,0.036864693284034744,False
TDLC300-100__cfo-moderate,5.0,0,5,False,False,164.32052548668042,True,0.019148323774337728,False
TDLC300-100__cfo-moderate,5.0,0,6,False,False,172.3677682607622,True,0.024409472942352295,False
TDLC300-100__cfo-moderate,5.0,0,7,False,False,197.77627036736376,True,0.05149848890304565,False
TDLC300-100__cfo-moderate,5.0,0,8,False,False,174.8568673665481,True,0.028018162131309476,False
TDLC300-100__cfo-moderate,5.0,0,9,False,False,182.99553984820577,True,0.027560713887214594,False
TDLC300-100__cfo-moderate,5.0,0,10,False,False,194.39905721639434,True,0.05235163271427157,False
TDLC300-100__cfo-moderate,5.0,0,11,False,False,162.97742366234124,True,0.03053497433662411,False
TDLC300-100__cfo-moderate,5.0,1,0,False,False,157.40852649411147,True,0.05632797002792356,False
TDLC300-100__cfo-moderate,5.0,1,1,False,False,159.65589387654717,True,0.05561879384517665,False
TDLC300-100__cfo-moderate,5.0,1,2,False,False,193.73044396427122,True,0.019487949609756416,False
TDLC300-100__cfo-moderate,5.0,1,3,False,False,163.7674279684357,True,0.039269788146019,False
TDLC300-100__cfo-moderate,5.0,1,4,False,False,168.67098538631416,True,0.02675086152553552,False
TDLC300-100__cfo-moderate,5.0,1,5,False,False,170.5632841902685,True,0.03244358170032502,False
TDLC300-100__cfo-moderate,5.0,1,6,False,False,180.56926496343095,True,0.0370574554204941,False
TDLC300-100__cfo-moderate,5.0,1,7,False,False,166.1991728560949,True,0.038947297811508186,False
TDLC300-100__cfo-moderate,5.0,1,8,False,False,175.10380092553638,True,0.026477415561676043,False
TDLC300-100__cfo-moderate,5.0,1,9,False,False,189.38757313020608,True,0.024005357742309497,False
TDLC300-100__cfo-moderate,5.0,1,10,False,False,160.74938892273337,True,0.027805667877197293,False
TDLC300-100__cfo-moderate,5.0,1,11,False,False,196.1009429256923,True,0.030561033964157103,False
TDLC300-100__cfo-moderate,15.0,0,0,False,False,183.732540796069,True,0.03269276773929597,False
TDLC300-100__cfo-moderate,15.0,0,1,False,False,169.2414217198019,True,0.055666494846344006,False
TDLC300-100__cfo-moderate,15.0,0,2,False,False,179.84529157518799,True,0.057759633541107136,False
TDLC300-100__cfo-moderate,15.0,0,3,False,False,159.14564129284543,True,0.021028261065483056,False
TDLC300-100__cfo-moderate,15.0,0,4,False,False,161.92905532383918,True,0.032427760720252996,False
TDLC300-100__cfo-moderate,15.0,0,5,False,False,161.08349378249653,True,0.027850810050964347,False
TDLC300-100__cfo-moderate,15.0,0,6,False,False,170.78978283995428,True,0.05398271965980528,False
TDLC300-100__cfo-moderate,15.0,0,7,False,False,195.3275049476988,True,0.04030851507186883,False
TDLC300-100__cfo-moderate,15.0,0,8,False,False,171.7310163217538,True,0.03484488296508781,False
TDLC300-100__cfo-moderate,15.0,0,9,False,False,181.22556206430139,True,0.06365077555179599,False
TDLC300-100__cfo-moderate,15.0,0,10,False,False,192.74631077723708,True,0.038735492706298835,False
TDLC300-100__cfo-moderate,15.0,0,11,False,False,157.89205739832204,True,0.01876911723613739,False
TDLC300-100__cfo-moderate,15.0,1,0,False,False,157.050783696369,True,0.046355845093727144,False
TDLC300-100__cfo-moderate,15.0,1,1,False,False,156.66917660656685,True,0.04043950212001801,False
TDLC300-100__cfo-moderate,15.0,1,2,False,False,188.9889783827227,True,0.03236490738391873,False
TDLC300-100__cfo-moderate,15.0,1,3,False,False,157.72015054707217,True,0.048041264772415104,False
TDLC300-100__cfo-moderate,15.0,1,4,False,False,165.47959201081562,True,0.05068984496593476,False
TDLC300-100__cfo-moderate,15.0,1,5,False,False,172.35742591852687,True,0.04756514370441434,False
TDLC300-100__cfo-moderate,15.0,1,6,False,False,173.1353549457129,True,0.02905167472362513,False
TDLC300-100__cfo-moderate,15.0,1,7,False,False,160.128045833461,True,0.05030511617660516,False
TDLC300-100__cfo-moderate,15.0,1,8,False,False,170.86621645108096,True,0.031241931200027384,False
TDLC300-100__cfo-moderate,15.0,1,9,False,False,184.59075421359506,True,0.03753713202476494,False
TDLC300-100__cfo-moderate,15.0,1,10,False,False,159.40860710099636,True,0.055712145447730954,False
TDLC300-100__cfo-moderate,15.0,1,11,False,False,190.98553356723346,True,0.046865390062332146,False
TDLC300-100__cfo-moderate,25.0,0,0,False,False,195.0478775720296,True,0.07249897992610932,True
TDLC300-100__cfo-moderate,25.0,0,1,False,False,194.9045151839375,True,0.06940871822834016,True
TDLC300-100__cfo-moderate,25.0,0,2,False,False,207.85522962968705,True,0.08052602994441993,True
TDLC300-100__cfo-moderate,25.0,0,3,False,False,184.11474527429058,True,0.049466990709304826,False
TDLC300-100__cfo-moderate,25.0,0,4,False,False,188.40388247751886,True,0.04371253407001496,False
TDLC300-100__cfo-moderate,25.0,0,5,False,False,183.44685500762122,True,0.03155497550964348,False
TDLC300-100__cfo-moderate,25.0,0,6,False,False,192.8309028935766,True,0.05221500813961033,False
TDLC300-100__cfo-moderate,25.0,0,7,False,False,217.20831355818234,True,0.04860521888732905,False
TDLC300-100__cfo-moderate,25.0,0,8,False,False,197.1104425016891,True,0.04721632957458499,False
TDLC300-100__cfo-moderate,25.0,0,9,False,False,207.6858408316945,True,0.07598627746105191,True
TDLC300-100__cfo-moderate,25.0,0,10,False,False,215.80846372167926,True,0.04430553138256077,False
TDLC300-100__cfo-moderate,25.0,0,11,False,False,185.53010362928413,True,0.0627508773803711,False
TDLC300-100__cfo-moderate,25.0,1,0,False,False,163.3142919418257,True,0.04159359812736507,False
TDLC300-100__cfo-moderate,25.0,1,1,False,False,178.648193961017,True,0.07815756201744084,True
TDLC300-100__cfo-moderate,25.0,1,2,False,False,214.05201124467743,True,0.043823651075363124,False
TDLC300-100__cfo-moderate,25.0,1,3,False,False,185.95361827130645,True,0.05829677307605741,False
TDLC300-100__cfo-moderate,25.0,1,4,False,False,190.33635372600304,True,0.04819172966480256,False
TDLC300-100__cfo-moderate,25.0,1,5,False,False,197.00179012165242,True,0.07571088659763336,True
TDLC300-100__cfo-moderate,25.0,1,6,False,False,197.474568891861,True,0.03444757246971131,False
TDLC300-100__cfo-moderate,25.0,1,7,False,False,188.3637224675277,True,0.06582109344005582,False
TDLC300-100__cfo-moderate,25.0,1,8,False,False,200.60711002234734,True,0.05569006121158604,False
TDLC300-100__cfo-moderate,25.0,1,9,False,False,210.00441051997947,True,0.03461923396587374,False
TDLC300-100__cfo-moderate,25.0,1,10,False,False,178.20079158247586,True,0.0367043361663818,False
TDLC300-100__cfo-moderate,25.0,1,11,False,False,218.70218963018274,True,0.07336009991168979,True
TDLC300-100__cfo-severe,5.0,0,0,False,False,185.8196909172458,True,0.06675181424617771,True
TDLC300-100__cfo-severe,5.0,0,1,False,False,173.5187167142733,True,0.04754135465621945,False
TDLC300-100__cfo-severe,5.0,0,2,False,False,185.58124750786334,True,0.05589463317394261,False
TDLC300-100__cfo-severe,5.0,0,3,False,False,166.09612777680786,True,0.03267418146133416,False
TDLC300-100__cfo-severe,5.0,0,4,False,False,164.81444756324024,True,0.020022510886192335,False
TDLC300-100__cfo-severe,5.0,0,5,False,False,164.9062403624435,True,0.04128432404994964,False
TDLC300-100__cfo-severe,5.0,0,6,False,False,177.14642347703227,True,0.04669389557838444,False
TDLC300-100__cfo-severe,5.0,0,7,False,False,201.53094170796905,True,0.04331898307800297,False
TDLC300-100__cfo-severe,5.0,0,8,False,False,174.40145403607895,True,0.014095034599304168,False
TDLC300-100__cfo-severe,5.0,0,9,False,False,184.2315903670694,True,0.04981434631347659,False
TDLC300-100__cfo-severe,5.0,0,10,False,False,196.19320178830145,True,0.02685637164115906,False
TDLC300-100__cfo-severe,5.0,0,11,False,False,163.18430445294533,True,0.03953045058250426,False
TDLC300-100__cfo-severe,5.0,1,0,False,False,160.70549517024932,True,0.08191826117038725,True
TDLC300-100__cfo-severe,5.0,1,1,False,False,164.7238507860715,True,0.038403577327728255,False
TDLC300-100__cfo-severe,5.0,1,2,False,False,192.41411043301912,True,0.02467305469512937,False
TDLC300-100__cfo-severe,5.0,1,3,False,False,165.91198860716827,True,0.047146265864372205,False
TDLC300-100__cfo-severe,5.0,1,4,False,False,167.6757763662389,True,0.03378786098957054,False
TDLC300-100__cfo-severe,5.0,1,5,False,False,172.69258196652368,True,0.029697767496108973,False
TDLC300-100__cfo-severe,5.0,1,6,False,False,180.4801610902017,True,0.04839774751663206,False
TDLC300-100__cfo-severe,5.0,1,7,False,False,167.35680549593704,True,0.048976515054702796,False
TDLC300-100__cfo-severe,5.0,1,8,False,False,177.24836512282445,True,0.02817432856559754,False
TDLC300-100__cfo-severe,5.0,1,9,False,False,192.3285822059909,True,0.03327301025390628,False
TDLC300-100__cfo-severe,5.0,1,10,False,False,163.32734711036446,True,0.029569213509559655,False
TDLC300-100__cfo-severe,5.0,1,11,False,False,196.5913131300406,True,0.03567171180248263,False
TDLC300-100__cfo-severe,15.0,0,0,False,False,183.62935238377423,True,0.054912733554840054,False
TDLC300-100__cfo-severe,15.0,0,1,False,False,174.05596649276623,True,0.09153810286521913,True
TDLC300-100__cfo-severe,15.0,0,2,False,False,189.57729393556798,True,0.05263048911094659,False
TDLC300-100__cfo-severe,15.0,0,3,False,False,170.51417451425525,True,0.04784749662876131,False
TDLC300-100__cfo-severe,15.0,0,4,False,False,171.92296796139073,True,0.03640777385234828,False
TDLC300-100__cfo-severe,15.0,0,5,False,False,172.93988538412762,True,0.05045528221130369,False
TDLC300-100__cfo-severe,15.0,0,6,False,False,183.20736481174353,True,0.06416633486747736,False
TDLC300-100__cfo-severe,15.0,0,7,False,False,203.6116491110638,True,0.0339350084066391,False
TDLC300-100__cfo-severe,15.0,0,8,False,False,184.51951070088734,True,0.05559773135185242,False
TDLC300-100__cfo-severe,15.0,0,9,False,False,186.5477191305647,True,0.05315701806545259,False
TDLC300-100__cfo-severe,15.0,0,10,False,False,195.560543887353,True,0.040924130797386105,False
TDLC300-100__cfo-severe,15.0,0,11,False,False,167.2647629455799,True,0.0509085682630539,False
TDLC300-100__cfo-severe,15.0,1,0,False,False,155.98316181277647,True,0.0493055019378662,False
TDLC300-100__cfo-severe,15.0,1,1,False,False,162.1908181409859,True,0.0760532004833222,True
TDLC300-100__cfo-severe,15.0,1,2,False,False,195.8226501367799,True,0.034899737119674645,False
TDLC300-100__cfo-severe,15.0,1,3,False,False,166.36381435496452,True,0.05294099032878874,False
TDLC300-100__cfo-severe,15.0,1,4,False,False,168.08800971707694,True,0.0395251632928848,False
TDLC300-100__cfo-severe,15.0,1,5,False,False,179.66839972943376,True,0.07484657812118534,True
TDLC300-100__cfo-severe,15.0,1,6,False,False,180.54395306277087,True,0.039084015369415304,False
TDLC300-100__cfo-severe,15.0,1,7,False,False,169.84905455901682,True,0.04543561744689939,False
TDLC300-100__cfo-severe,15.0,1,8,False,False,176.00149241333474,True,0.028780018329620294,False
TDLC300-100__cfo-severe,15.0,1,9,False,False,196.32576656359853,True,0.0640246336460113,False
TDLC300-100__cfo-severe,15.0,1,10,False,False,163.69433158138006,True,0.03657889974117279,False
TDLC300-100__cfo-severe,15.0,1,11,False,False,197.35720726503538,True,0.03823864769935603,False
TDLC300-100__cfo-severe,25.0,0,0,False,True,245.22948497556965,True,0.481988706946373,True
TDLC300-100__cfo-severe,25.0,0,1,False,True,224.5678004749243,True,0.4789083284139633,True
TDLC300-100__cfo-severe,25.0,0,2,False,True,243.8587750273294,True,0.5236361624002457,True
TDLC300-100__cfo-severe,25.0,0,3,False,True,211.72519146062584,True,0.4545703670978546,True
TDLC300-100__cfo-severe,25.0,0,4,False,True,226.59749146708165,True,0.514789469242096,True
TDLC300-100__cfo-severe,25.0,0,5,False,True,220.6123581222515,True,0.4692710965871811,True
TDLC300-100__cfo-severe,25.0,0,6,False,True,223.07122434399741,True,0.4469990456104279,True
TDLC300-100__cfo-severe,25.0,0,7,False,True,255.04313296721014,True,0.4830034905672073,True
TDLC300-100__cfo-severe,25.0,0,8,False,True,237.49774947380868,True,0.4961992408037185,True
TDLC300-100__cfo-severe,25.0,0,9,False,True,246.4793716561285,True,0.5105952208042146,True
TDLC300-100__cfo-severe,25.0,0,10,False,True,249.57025554730865,True,0.4688913760185241,True
TDLC300-100__cfo-severe,25.0,0,11,False,True,221.4315944954954,True,0.4909288949966431,True
TDLC300-100__cfo-severe,25.0,1,0,False,True,226.09799720310158,True,0.5319921916723251,True
TDLC300-100__cfo-severe,25.0,1,1,False,True,221.50660744352064,True,0.4977727544307709,True
TDLC300-100__cfo-severe,25.0,1,2,False,True,252.40098879407645,True,0.5077241880893708,True
TDLC300-100__cfo-severe,25.0,1,3,False,True,227.7458515870921,True,0.532491114616394,True
TDLC300-100__cfo-severe,25.0,1,4,False,True,224.13361352017975,True,0.4826978675127029,True
TDLC300-100__cfo-severe,25.0,1,5,False,True,231.4375840080476,True,0.5032358556985854,True
TDLC300-100__cfo-severe,25.0,1,6,False,True,227.6662835552075,True,0.4578584817647934,True
TDLC300-100__cfo-severe,25.0,1,7,False,True,226.4166866312482,True,0.5065294847488404,True
TDLC300-100__cfo-severe,25.0,1,8,False,True,225.85446697706223,True,0.4324573180675506,True
TDLC300-100__cfo-severe,25.0,1,9,False,True,251.8756732337211,True,0.4893681242465973,True
TDLC300-100__cfo-severe,25.0,1,10,False,True,212.37262805798443,True,0.43668046379089354,True
TDLC300-100__cfo-severe,25.0,1,11,False,True,252.32982757454297,True,0.48831725895404815,True
TDLC300-100__clean,5.0,0,0,False,False,186.45815508516623,True,0.05773883759975429,False
TDLC300-100__clean,5.0,0,1,False,False,172.51592848778506,True,0.04594719505310063,False
TDLC300-100__clean,5.0,0,2,False,False,183.27561212080494,True,0.03835223317146297,False
TDLC300-100__clean,5.0,0,3,False,False,164.2571219701338,True,0.026711621284484788,False
TDLC300-100__clean,5.0,0,4,False,False,166.3042335205992,True,0.029555731177330014,False
TDLC300-100__clean,5.0,0,5,False,False,164.4083925386488,True,0.019428837299346857,False
TDLC300-100__clean,5.0,0,6,False,False,176.24914983862266,True,0.056931831836700475,False
TDLC300-100__clean,5.0,0,7,False,False,197.03585661047185,True,0.022420567154884274,False
TDLC300-100__clean,5.0,0,8,False,False,175.29992793545657,True,0.029669648766517676,False
TDLC300-100__clean,5.0,0,9,False,False,186.96715745485696,True,0.04209236645698544,False
TDLC300-100__clean,5.0,0,10,False,False,196.32212727537862,True,0.027815269112586916,False
TDLC300-100__clean,5.0,0,11,False,False,164.04980068079536,True,0.023999340534210156,False
TDLC300-100__clean,5.0,1,0,False,False,159.67281632227974,True,0.07938263869285589,True
TDLC300-100__clean,5.0,1,1,False,False,161.01345700795954,True,0.02948462402820584,False
TDLC300-100__clean,5.0,1,2,False,False,195.39524128368433,True,0.02910815846920012,False
TDLC300-100__clean,5.0,1,3,False,False,164.3437790900389,True,0.05101827538013459,False
TDLC300-100__clean,5.0,1,4,False,False,168.55014979122353,True,0.030144127011299093,False
TDLC300-100__clean,5.0,1,5,False,False,173.31058434407456,True,0.029043671727180476,False
TDLC300-100__clean,5.0,1,6,False,False,178.01490391766205,True,0.01490699422359465,False
TDLC300-100__clean,5.0,1,7,False,False,163.00004301639402,True,0.0665736665725708,True
TDLC300-100__clean,5.0,1,8,False,False,178.14373697858318,True,0.03431614995002741,False
TDLC300-100__clean,5.0,1,9,False,False,194.12529938869216,True,0.04086553382873537,False
TDLC300-100__clean,5.0,1,10,False,False,163.14329423471534,True,0.016265614867210343,False
TDLC300-100__clean,5.0,1,11,False,False,195.68602480015448,True,0.0318018137216568,False
TDLC300-100__clean,15.0,0,0,False,False,185.46780418565237,True,0.043156718611717215,False
TDLC300-100__clean,15.0,0,1,False,False,167.35738699885957,True,0.038641753435134873,False
TDLC300-100__clean,15.0,0,2,False,False,178.5391046393192,True,0.041318483352661084,False
TDLC300-100__clean,15.0,0,3,False,False,157.43914091924412,True,0.017748121738433764,False
TDLC300-100__clean,15.0,0,4,False,False,167.25931248609618,True,0.061007214546203614,False
TDLC300-100__clean,15.0,0,5,False,False,161.9987068026301,True,0.028637584328651378,False
TDLC300-100__clean,15.0,0,6,False,False,169.11867292130583,True,0.03416269290447238,False
TDLC300-100__clean,15.0,0,7,False,False,194.85319244786342,True,0.03739833080768584,False
TDLC300-100__clean,15.0,0,8,False,False,171.0964321129566,True,0.04705035030841831,False
TDLC300-100__clean,15.0,0,9,False,False,178.8443052602569,True,0.03720662295818322,False
TDLC300-100__clean,15.0,0,10,False,False,189.44243597485334,True,0.033568889856338435,False
TDLC300-100__clean,15.0,0,11,False,False,157.9830316909897,True,0.054534911394119256,False
TDLC300-100__clean,15.0,1,0,False,False,157.82069639399487,True,0.04457784068584436,False
TDLC300-100__clean,15.0,1,1,False,False,156.80344594960954,True,0.028398636937141397,False
TDLC300-100__clean,15.0,1,2,False,False,189.1315134185538,True,0.044553667306900024,False
TDLC300-100__clean,15.0,1,3,False,False,156.9431680948955,True,0.03353230452537537,False
TDLC300-100__clean,15.0,1,4,False,False,163.17713780935102,True,0.039395655751228276,False
TDLC300-100__clean,15.0,1,5,False,False,167.69498086860443,True,0.04038918256759638,False
TDLC300-100__clean,15.0,1,6,False,False,173.88929291655157,True,0.04305909538269037,False
TDLC300-100__clean,15.0,1,7,False,False,158.54558973402078,True,0.04528817117214201,False
TDLC300-100__clean,15.0,1,8,False,False,172.32680120074576,True,0.027410466909408515,False
TDLC300-100__clean,15.0,1,9,False,False,186.69988080939126,True,0.03919891107082363,False
TDLC300-100__clean,15.0,1,10,False,False,157.49904764879736,True,0.055346272587776135,False
TDLC300-100__clean,15.0,1,11,False,False,188.72257684874134,True,0.022995337128639215,False
TDLC300-100__clean,25.0,0,0,False,False,185.95954987567148,True,0.03090570843219753,False
TDLC300-100__clean,25.0,0,1,False,False,168.29642309118628,True,0.029858749628067005,False
TDLC300-100__clean,25.0,0,2,False,False,179.2554296938387,True,0.00595811378955835,False
TDLC300-100__clean,25.0,0,3,False,False,159.71852607672986,True,0.01765249824523918,False
TDLC300-100__clean,25.0,0,4,False,False,163.11478310438002,True,0.03119012379646302,False
TDLC300-100__clean,25.0,0,5,False,False,162.00743196248195,True,0.035936347603797936,False
TDLC300-100__clean,25.0,0,6,False,False,170.0620458780437,True,0.022856357455253606,False
TDLC300-100__clean,25.0,0,7,False,False,194.87908131647765,True,0.029594340682029707,False
TDLC300-100__clean,25.0,0,8,False,False,171.88747035849252,True,0.03074617207050323,False
TDLC300-100__clean,25.0,0,9,False,False,180.3052507630338,True,0.033422205567359864,False
TDLC300-100__clean,25.0,0,10,False,False,192.897908141997,True,0.03499451458454128,False
TDLC300-100__clean,25.0,0,11,False,False,159.16943759567638,True,0.008725762605667042,False
TDLC300-100__clean,25.0,1,0,False,False,159.68244823849835,True,0.014709326982498161,False
TDLC300-100__clean,25.0,1,1,False,False,157.02423837022582,True,0.04212264871597293,False
TDLC300-100__clean,25.0,1,2,False,False,189.37925273577358,True,0.03392674326896661,False
TDLC300-100__clean,25.0,1,3,False,False,158.799915337876,True,0.028755606293678238,False
TDLC300-100__clean,25.0,1,4,False,False,163.7006589065499,True,0.03106807756423946,False
TDLC300-100__clean,25.0,1,5,False,False,170.44134181887466,True,0.016789614081382687,False
TDLC300-100__clean,25.0,1,6,False,False,174.15706507513107,True,0.029054194808006306,False
TDLC300-100__clean,25.0,1,7,False,False,160.36795083560702,True,0.024938812375068675,False
TDLC300-100__clean,25.0,1,8,False,False,171.10715056599466,True,0.049123171210288974,False
TDLC300-100__clean,25.0,1,9,False,False,185.75415605460117,True,0.026388188600540152,False
TDLC300-100__clean,25.0,1,10,False,False,157.5103668540932,True,0.035525336742401104,False
TDLC300-100__clean,25.0,1,11,False,False,191.33751565503144,True,0.03711708879470821,False
TDLC300-100__iq-mild,5.0,0,0,False,False,184.84501543019678,True,0.06158771002292629,False
TDLC300-100__iq-mild,5.0,0,1,False,False,170.7719321321033,True,0.044009690761566134,False
TDLC300-100__iq-mild,5.0,0,2,False,False,182.6536679782311,True,0.04886857986450199,False
TDLC300-100__iq-mild,5.0,0,3,False,False,163.2192009507973,True,0.02527124595642083,False
TDLC300-100__iq-mild,5.0,0,4,False,False,166.43692936824843,True,0.01611692023277278,False
TDLC300-100__iq-mild,5.0,0,5,False,False,162.32540359629888,True,0.027279850959777807,False
TDLC300-100__iq-mild,5.0,0,6,False,False,173.68440103427955,True,0.0598516490459442,False
TDLC300-100__iq-mild,5.0,0,7,False,False,198.06509479711542,True,0.014854052901267956,False
TDLC300-100__iq-mild,5.0,0,8,False,False,174.85362447482956,True,0.02963559222221368,False
TDLC300-100__iq-mild,5.0,0,9,False,False,184.05816160022525,True,0.0378724695444107,False
TDLC300-100__iq-mild,5.0,0,10,False,False,194.96169197506964,True,0.03298471033573147,False
TDLC300-100__iq-mild,5.0,0,11,False,False,164.3933992191846,True,0.035652072548866265,False
TDLC300-100__iq-mild,5.0,1,0,False,False,159.7970884792699,True,0.0662211488485337,False
TDLC300-100__iq-mild,5.0,1,1,False,False,162.4187461238128,True,0.05298737847805024,False
TDLC300-100__iq-mild,5.0,1,2,False,False,193.88443669641518,True,0.019670383453369134,False
TDLC300-100__iq-mild,5.0,1,3,False,False,164.13531031543295,True,0.035388577818870504,False
TDLC300-100__iq-mild,5.0,1,4,False,False,169.21004909608519,True,0.04381865298748011,False
TDLC300-100__iq-mild,5.0,1,5,False,False,174.27360933543818,True,0.034299736976623474,False
TDLC300-100__iq-mild,5.0,1,6,False,False,177.37374102566957,True,0.01172115445137023,False
TDLC300-100__iq-mild,5.0,1,7,False,False,162.22262433263566,True,0.045352181673049885,False
TDLC300-100__iq-mild,5.0,1,8,False,False,173.79995753244236,True,0.01901356530189513,False
TDLC300-100__iq-mild,5.0,1,9,False,False,186.43308167100912,True,0.017812566995620727,False
TDLC300-100__iq-mild,5.0,1,10,False,False,161.3158571237925,True,0.0503761492967606,False
TDLC300-100__iq-mild,5.0,1,11,False,False,195.76981017718603,True,0.06626000475883487,False
TDLC300-100__iq-mild,15.0,0,0,False,False,183.69859553044353,True,0.031301732778549196,False
TDLC300-100__iq-mild,15.0,0,1,False,False,167.20836896643524,True,0.04187065160274506,False
TDLC300-100__iq-mild,15.0,0,2,False,False,177.55632715420552,True,0.043106575489044174,False
TDLC300-100__iq-mild,15.0,0,3,False,False,157.7226954985223,True,0.026633120179176295,False
TDLC300-100__iq-mild,15.0,0,4,False,False,161.75776226584918,True,0.04646595358848571,False
TDLC300-100__iq-mild,15.0,0,5,False,False,161.95418161685006,True,0.03745585060119627,False
TDLC300-100__iq-mild,15.0,0,6,False,False,169.43558491539858,True,0.0414428677558899,False
TDLC300-100__iq-mild,15.0,0,7,False,False,194.63545077859843,True,0.0386088174581527,False
TDLC300-100__iq-mild,15.0,0,8,False,False,172.04183777160728,True,0.052129709601402285,False
TDLC300-100__iq-mild,15.0,0,9,False,False,179.30910297299192,True,0.03991423273086547,False
TDLC300-100__iq-mild,15.0,0,10,False,False,190.25205632093085,True,0.0469573837518692,False
TDLC300-100__iq-mild,15.0,0,11,False,False,157.94910279313976,True,0.039867836833000214,False
TDLC300-100__iq-mild,15.0,1,0,False,False,156.49391982236833,True,0.03156440746784206,False
TDLC300-100__iq-mild,15.0,1,1,False,False,158.47606747116342,True,0.05395392537117005,False
TDLC300-100__iq-mild,15.0,1,2,False,False,187.63816037120532,True,0.013725589990615794,False
TDLC300-100__iq-mild,15.0,1,3,False,False,158.95091193281075,True,0.05308062529563906,False
TDLC300-100__iq-mild,15.0,1,4,False,False,164.5204277767825,True,0.04316819357872004,False
TDLC300-100__iq-mild,15.0,1,5,False,False,168.62241835449635,True,0.031509135246276854,False
TDLC300-100__iq-mild,15.0,1,6,False,False,174.19490036422746,True,0.03214630150794984,False
TDLC300-100__iq-mild,15.0,1,7,False,False,159.46815041147127,True,0.03874843728542321,False
TDLC300-100__iq-mild,15.0,1,8,False,False,171.5835099794746,True,0.0410828983783722,False
TDLC300-100__iq-mild,15.0,1,9,False,False,186.1824645592383,True,0.047960727691650384,False
TDLC300-100__iq-mild,15.0,1,10,False,False,157.9242071766902,True,0.03331513941287989,False
TDLC300-100__iq-mild,15.0,1,11,False,False,189.68788971867048,True,0.05026957488059991,False
TDLC300-100__iq-mild,25.0,0,0,False,False,186.6087244245653,True,0.029377227425575247,False
TDLC300-100__iq-mild,25.0,0,1,False,False,169.60984492297803,True,0.0006150293350219993,False
TDLC300-100__iq-mild,25.0,0,2,False,False,180.0688443163691,True,0.007708431482315037,False
TDLC300-100__iq-mild,25.0,0,3,False,False,159.41346049988746,True,0.03157197296619407,False
TDLC300-100__iq-mild,25.0,0,4,False,False,162.4373740014744,True,0.022998390555381776,False
TDLC300-100__iq-mild,25.0,0,5,False,False,161.38559928283772,True,0.02437545371055594,False
TDLC300-100__iq-mild,25.0,0,6,False,False,170.35752065798903,True,0.010062025189399693,False
TDLC300-100__iq-mild,25.0,0,7,False,False,195.22712578174648,True,0.028109543085098276,False
TDLC300-100__iq-mild,25.0,0,8,False,False,170.92035599352144,True,0.031516809463500994,False
TDLC300-100__iq-mild,25.0,0,9,False,False,180.81001070261024,True,0.0062333905696868586,False
TDLC300-100__iq-mild,25.0,0,10,False,False,190.56244257283868,True,0.027593915104865974,False
TDLC300-100__iq-mild,25.0,0,11,False,False,157.85202675385435,True,0.025002798438072182,False
TDLC300-100__iq-mild,25.0,1,0,False,False,159.05887319504595,True,0.03157668936252589,False
TDLC300-100__iq-mild,25.0,1,1,False,False,158.6759358858397,True,0.025870615005493147,False
TDLC300-100__iq-mild,25.0,1,2,False,False,188.9333207203174,True,0.008557366609573291,False
TDLC300-100__iq-mild,25.0,1,3,False,False,160.14773039850192,True,0.011859006404876693,False
TDLC300-100__iq-mild,25.0,1,4,False,False,164.22577038124575,True,0.011868054151535024,False
TDLC300-100__iq-mild,25.0,1,5,False,False,168.48772010367247,True,0.025459193825721704,False
TDLC300-100__iq-mild,25.0,1,6,False,False,172.98860464892263,True,0.032414019942283545,False
TDLC300-100__iq-mild,25.0,1,7,False,False,159.81580269798263,True,0.035096978664398204,False
TDLC300-100__iq-mild,25.0,1,8,False,False,171.16049755496502,True,0.037402001142501806,False
TDLC300-100__iq-mild,25.0,1,9,False,False,185.66484573544201,True,0.029058867096900864,False
TDLC300-100__iq-mild,25.0,1,10,False,False,158.76710567517472,True,0.012590026378631491,False
TDLC300-100__iq-mild,25.0,1,11,False,False,190.35358246198174,True,0.014700030565261812,False
TDLC300-100__iq-moderate,5.0,0,0,False,False,185.75691361940332,True,0.07142618036270143,True
TDLC300-100__iq-moderate,5.0,0,1,False,False,172.4481061785288,True,0.06125777018070222,False
TDLC300-100__iq-moderate,5.0,0,2,False,False,184.71864050832548,True,0.046366649270057625,False
TDLC300-100__iq-moderate,5.0,0,3,False,False,162.04443274646107,True,0.007859813451766895,False
TDLC300-100__iq-moderate,5.0,0,4,False,False,167.41213970161994,True,0.029498397231101925,False
TDLC300-100__iq-moderate,5.0,0,5,False,False,165.9276335986589,True,0.02918885624408718,False
TDLC300-100__iq-moderate,5.0,0,6,False,False,174.57138575899356,True,0.04250756204128259,False
TDLC300-100__iq-moderate,5.0,0,7,False,False,198.63542245930086,True,0.045505705237388616,False
TDLC300-100__iq-moderate,5.0,0,8,False,False,177.70265089382187,True,0.023476938962936345,False
TDLC300-100__iq-moderate,5.0,0,9,False,False,185.38946426541355,True,0.04241048896312716,False
TDLC300-100__iq-moderate,5.0,0,10,False,False,198.75310894848357,True,0.051428255081176766,False
TDLC300-100__iq-moderate,5.0,0,11,False,False,163.61007187969668,True,0.025457018852233837,False
TDLC300-100__iq-moderate,5.0,1,0,False,False,163.04063607608944,True,0.07451610660552976,True
TDLC300-100__iq-moderate,5.0,1,1,False,False,161.97119438984723,True,0.03621444511413574,False
TDLC300-100__iq-moderate,5.0,1,2,False,False,194.59407696523135,True,0.020335404396057077,False
TDLC300-100__iq-moderate,5.0,1,3,False,False,165.43791639161228,True,0.05667443919181825,False
TDLC300-100__iq-moderate,5.0,1,4,False,False,170.21598226448148,True,0.03268374967575072,False
TDLC300-100__iq-moderate,5.0,1,5,False,False,175.18453102110078,True,0.048844266533851655,False
TDLC300-100__iq-moderate,5.0,1,6,False,False,177.13463823916217,True,0.02078505921363827,False
TDLC300-100__iq-moderate,5.0,1,7,False,False,165.23558839183784,True,0.04201988339424134,False
TDLC300-100__iq-moderate,5.0,1,8,False,False,178.90603060545752,True,0.037202133297920215,False
TDLC300-100__iq-moderate,5.0,1,9,False,False,190.92669364242892,True,0.026393248915672296,False
TDLC300-100__iq-moderate,5.0,1,10,False,False,161.3903309601463,True,0.05105355143547052,False
TDLC300-100__iq-moderate,5.0,1,11,False,False,196.63701345782763,True,0.058664212107658376,False
TDLC300-100__iq-moderate,15.0,0,0,False,False,184.5674271293208,True,0.05384516310691834,False
TDLC300-100__iq-moderate,15.0,0,1,False,False,166.7615063042841,True,0.043626401782035806,False
TDLC300-100__iq-moderate,15.0,0,2,False,False,185.13433591843113,True,0.07741258394718176,True
TDLC300-100__iq-moderate,15.0,0,3,False,False,165.66386679847008,True,0.02940316569805146,False
TDLC300-100__iq-moderate,15.0,0,4,False,False,165.09096039723084,True,0.0225154627561569,False
TDLC300-100__iq-moderate,15.0,0,5,False,False,162.56280718570807,True,0.03881371903419495,False
TDLC300-100__iq-moderate,15.0,0,6,False,False,173.57216207279956,True,0.04901443922519677,False
TDLC300-100__iq-moderate,15.0,0,7,False,False,198.37110100111127,True,0.04204284620285037,False
TDLC300-100__iq-moderate,15.0,0,8,False,False,175.61112448466014,True,0.04719028067588804,False
TDLC300-100__iq-moderate,15.0,0,9,False,False,185.10086235291666,True,0.042986690640449465,False
TDLC300-100__iq-moderate,15.0,0,10,False,False,192.4558713054415,True,0.02137378323078154,False
TDLC300-100__iq-moderate,15.0,0,11,False,False,161.55110301521245,True,0.06440724575519563,False
TDLC300-100__iq-moderate,15.0,1,0,False,False,159.31288683626755,True,0.06407350277900692,False
TDLC300-100__iq-moderate,15.0,1,1,False,False,161.41901043189281,True,0.05474261069297792,False
TDLC300-100__iq-moderate,15.0,1,2,False,False,189.87918396313603,True,0.011112697124481152,False
TDLC300-100__iq-moderate,15.0,1,3,False,False,159.33218226936944,True,0.06356081390380863,False
TDLC300-100__iq-moderate,15.0,1,4,False,False,173.25529903409577,True,0.0679901200532913,True
TDLC300-100__iq-moderate,15.0,1,5,False,False,170.44708728672023,True,0.01961505496501914,False
TDLC300-100__iq-moderate,15.0,1,6,False,False,172.01338167549795,True,0.0193689497709274,False
TDLC300-100__iq-moderate,15.0,1,7,False,False,159.3340864147263,True,0.058954142212867766,False
TDLC300-100__iq-moderate,15.0,1,8,False,False,174.31691587899522,True,0.052066227316856395,False
TDLC300-100__iq-moderate,15.0,1,9,False,False,189.37214020325496,True,0.03318800640106201,False
TDLC300-100__iq-moderate,15.0,1,10,False,False,159.8386234822618,True,0.04317643582820896,False
TDLC300-100__iq-moderate,15.0,1,11,False,False,196.04350062667578,True,0.06161124920845029,False
TDLC300-100__iq-moderate,25.0,0,0,False,True,226.879463843825,True,0.3742154215574264,True
TDLC300-100__iq-moderate,25.0,0,1,False,True,221.96057970293126,True,0.4411306233406067,True
TDLC300-100__iq-moderate,25.0,0,2,False,True,232.26927614176464,True,0.4333418855667114,True
TDLC300-100__iq-moderate,25.0,0,3,False,True,201.03325219555745,True,0.3535346665382386,True
TDLC300-100__iq-moderate,25.0,0,4,False,True,210.38436049665808,True,0.39167318463325496,True
TDLC300-100__iq-moderate,25.0,0,5,False,True,204.9562194213824,True,0.3532099735736848,True
TDLC300-100__iq-moderate,25.0,0,6,False,True,221.2396493538681,True,0.3966455054283142,True
TDLC300-100__iq-moderate,25.0,0,7,False,True,239.40558800934585,True,0.3753188544511794,True
TDLC300-100__iq-moderate,25.0,0,8,False,True,221.33244791078695,True,0.4019194418191909,True
TDLC300-100__iq-moderate,25.0,0,9,False,True,225.29639526792727,True,0.3873024251461029,True
TDLC300-100__iq-moderate,25.0,0,10,False,True,241.78149364651762,True,0.40717918193340297,True
TDLC300-100__iq-moderate,25.0,0,11,False,True,215.24202626665056,True,0.4369264959096909,True
TDLC300-100__iq-moderate,25.0,1,0,False,True,209.78076847996016,True,0.4270823582410812,True
TDLC300-100__iq-moderate,25.0,1,1,False,True,203.736184148553,True,0.39431884288787833,True
TDLC300-100__iq-moderate,25.0,1,2,False,True,238.17193022781527,True,0.39254297208786004,True
TDLC300-100__iq-moderate,25.0,1,3,False,True,208.6039416872824,True,0.41464910197258,True
TDLC300-100__iq-moderate,25.0,1,4,False,True,213.23519103426358,True,0.39493276357650753,True
TDLC300-100__iq-moderate,25.0,1,5,False,True,221.03033843949237,True,0.43452356541156767,True
TDLC300-100__iq-moderate,25.0,1,6,False,True,219.17837472480625,True,0.3747850966453552,True
TDLC300-100__iq-moderate,25.0,1,7,False,True,204.93627595024248,True,0.38050415229797363,True
TDLC300-100__iq-moderate,25.0,1,8,False,True,218.70539620130796,True,0.37463071227073663,True
TDLC300-100__iq-moderate,25.0,1,9,False,True,237.8188688738002,True,0.4150803040266037,True
TDLC300-100__iq-moderate,25.0,1,10,False,True,195.93332893983342,True,0.3323631458282471,True
TDLC300-100__iq-moderate,25.0,1,11,False,True,236.56738527300175,True,0.3960918126106262,True
TDLC300-100__iq-severe,5.0,0,0,False,False,187.90218234730443,True,0.069819814324379,True
TDLC300-100__iq-severe,5.0,0,1,False,False,174.17638658889848,True,0.0586053328514099,False
TDLC300-100__iq-severe,5.0,0,2,False,False,184.88028441024352,True,0.06689453697204595,True
TDLC300-100__iq-severe,5.0,0,3,False,False,165.04119040874195,True,0.036733619928359995,False
TDLC300-100__iq-severe,5.0,0,4,False,False,168.0482545546706,True,0.03317669296264647,False
TDLC300-100__iq-severe,5.0,0,5,False,False,169.51437667048816,True,0.03939894330501559,False
TDLC300-100__iq-severe,5.0,0,6,False,False,176.84979342433132,True,0.04208029079437259,False
TDLC300-100__iq-severe,5.0,0,7,False,False,200.43179624054613,True,0.04139577126502991,False
TDLC300-100__iq-severe,5.0,0,8,False,False,177.50616204226395,True,0.046567514419555645,False
TDLC300-100__iq-severe,5.0,0,9,False,False,186.39887686795498,True,0.04465566885471339,False
TDLC300-100__iq-severe,5.0,0,10,False,False,200.0023255622709,True,0.06896548736095431,True
TDLC300-100__iq-severe,5.0,0,11,False,False,168.17435619780497,True,0.06122082829475406,False
TDLC300-100__iq-severe,5.0,1,0,False,False,160.32973746120476,True,0.07180700671672824,True
TDLC300-100__iq-severe,5.0,1,1,False,False,163.07189160005487,True,0.04607852101325993,False
TDLC300-100__iq-severe,5.0,1,2,False,False,193.88201908343987,True,0.029040032982826203,False
TDLC300-100__iq-severe,5.0,1,3,False,False,165.23532797436783,True,0.035693959236145045,False
TDLC300-100__iq-severe,5.0,1,4,False,False,172.0596016384038,True,0.05925540351867675,False
TDLC300-100__iq-severe,5.0,1,5,False,False,177.37088410317077,True,0.06718375933170317,True
TDLC300-100__iq-severe,5.0,1,6,False,False,179.54439242628945,True,0.030799414038658157,False
TDLC300-100__iq-severe,5.0,1,7,False,False,168.78229623888862,True,0.06223807787895208,False
TDLC300-100__iq-severe,5.0,1,8,False,False,179.70260280852665,True,0.04275951361656194,False
TDLC300-100__iq-severe,5.0,1,9,False,False,193.21171062142722,True,0.05350603067874904,False
TDLC300-100__iq-severe,5.0,1,10,False,False,161.13564611663833,True,0.035478077292442345,False
TDLC300-100__iq-severe,5.0,1,11,False,False,197.52116452778088,True,0.06869501972198488,True
TDLC300-100__iq-severe,15.0,0,0,False,False,194.66227917510042,True,0.10807763481140142,True
TDLC300-100__iq-severe,15.0,0,1,False,False,180.4377546394431,True,0.08924668812751768,True
TDLC300-100__iq-severe,15.0,0,2,False,False,190.75499410213243,True,0.0882006684541703,True
TDLC300-100__iq-severe,15.0,0,3,False,False,171.18661301174853,True,0.09053886687755586,True
TDLC300-100__iq-severe,15.0,0,4,False,False,174.1040301910389,True,0.06729030430316929,True
TDLC300-100__iq-severe,15.0,0,5,False,False,174.27553523653617,True,0.07376167905330655,True
TDLC300-100__iq-severe,15.0,0,6,False,False,183.03162555240752,True,0.1083668546676636,True
TDLC300-100__iq-severe,15.0,0,7,False,False,208.8124863261687,True,0.11037457728385924,True
TDLC300-100__iq-severe,15.0,0,8,False,False,183.00089015310436,True,0.08006873571872708,True
TDLC300-100__iq-severe,15.0,0,9,False,False,193.73498164228138,True,0.13987156999111172,True
TDLC300-100__iq-severe,15.0,0,10,False,False,206.51597231832105,True,0.09434309852123268,True
TDLC300-100__iq-severe,15.0,0,11,False,False,173.25780446077857,True,0.11843315970897683,True
TDLC300-100__iq-severe,15.0,1,0,False,False,162.5960962605861,True,0.09786839890480048,True
TDLC300-100__iq-severe,15.0,1,1,False,False,172.07969348992822,True,0.10129448068141944,True
TDLC300-100__iq-severe,15.0,1,2,False,False,200.32093466341414,True,0.04883266496658323,False
TDLC300-100__iq-severe,15.0,1,3,False,False,172.4755868363864,True,0.10831046664714816,True
TDLC300-100__iq-severe,15.0,1,4,False,False,178.41850981916625,True,0.11194967043399817,True
TDLC300-100__iq-severe,15.0,1,5,False,False,182.0371196799274,True,0.09772133195400245,True
TDLC300-100__iq-severe,15.0,1,6,False,False,188.0397733682781,True,0.08195283365249639,True
TDLC300-100__iq-severe,15.0,1,7,False,False,176.37885450366227,True,0.1442443604469299,True
TDLC300-100__iq-severe,15.0,1,8,False,False,184.59867959935022,True,0.0865627934932709,True
TDLC300-100__iq-severe,15.0,1,9,False,False,199.60779682566533,True,0.09224718046188352,True
TDLC300-100__iq-severe,15.0,1,10,False,False,168.85291264959488,True,0.06292755913734438,False
TDLC300-100__iq-severe,15.0,1,11,False,False,204.02961904017545,True,0.11627739953994753,True
TDLC300-100__iq-severe,25.0,0,0,False,True,325.75660784860736,True,0.7970359139442443,True
TDLC300-100__iq-severe,25.0,0,1,False,True,307.06345872395696,True,0.7951001529693603,True
TDLC300-100__iq-severe,25.0,0,2,False,True,318.60536829421983,True,0.7879690879583359,True
TDLC300-100__iq-severe,25.0,0,3,False,True,289.5502547435836,True,0.7828430128097534,True
TDLC300-100__iq-severe,25.0,0,4,False,True,292.86669199855567,True,0.7698611402511596,True
TDLC300-100__iq-severe,25.0,0,5,False,True,305.59212990310306,True,0.804121239900589,True
TDLC300-100__iq-severe,25.0,0,6,False,True,313.35441971016945,True,0.8122046811580658,True
TDLC300-100__iq-severe,25.0,0,7,False,True,323.23921444403186,True,0.764676337480545,True
TDLC300-100__iq-severe,25.0,0,8,False,True,310.06643919648553,True,0.7839001576900482,True
TDLC300-100__iq-severe,25.0,0,9,False,True,321.5555276535248,True,0.7974659860134125,True
TDLC300-100__iq-severe,25.0,0,10,False,True,329.1198619481512,True,0.7880020481348038,True
TDLC300-100__iq-severe,25.0,0,11,False,True,296.681597944569,True,0.7966400148868561,True
TDLC300-100__iq-severe,25.0,1,0,False,True,288.6522089981152,True,0.7800532771348953,True
TDLC300-100__iq-severe,25.0,1,1,False,True,277.02495265068006,True,0.7248105813264847,True
TDLC300-100__iq-severe,25.0,1,2,False,True,318.14882514001647,True,0.756507220864296,True
TDLC300-100__iq-severe,25.0,1,3,False,True,291.4214539279394,True,0.7804094500541687,True
TDLC300-100__iq-severe,25.0,1,4,False,True,296.72579417841274,True,0.7712380937337875,True
TDLC300-100__iq-severe,25.0,1,5,False,True,300.9167526426108,True,0.7650129497051239,True
TDLC300-100__iq-severe,25.0,1,6,False,True,303.48633398545815,True,0.7674825429916382,True
TDLC300-100__iq-severe,25.0,1,7,False,True,296.0507460449757,True,0.7912756862640381,True
TDLC300-100__iq-severe,25.0,1,8,False,True,301.31900623150347,True,0.7598335417509079,True
TDLC300-100__iq-severe,25.0,1,9,False,True,319.91816828689167,True,0.7893931723833084,True
TDLC300-100__iq-severe,25.0,1,10,False,True,294.3350525031066,True,0.7801782362461089,True
TDLC300-100__iq-severe,25.0,1,11,False,True,326.138971676313,True,0.794277123093605,True
TDLC300-100__pa-mild,5.0,0,0,False,False,189.95100133199657,True,0.06940783166885378,True
TDLC300-100__pa-mild,5.0,0,1,False,False,174.63494578551834,True,0.043377130746841464,False
TDLC300-100__pa-mild,5.0,0,2,False,False,184.77351231901898,True,0.054756298780441304,False
TDLC300-100__pa-mild,5.0,0,3,False,False,165.27446395510262,True,0.03814082539081576,False
TDLC300-100__pa-mild,5.0,0,4,False,False,166.21382759835,True,0.037146368861198376,False
TDLC300-100__pa-mild,5.0,0,5,False,False,167.56748661591377,True,0.04113385713100437,False
TDLC300-100__pa-mild,5.0,0,6,False,False,175.1624187361942,True,0.04192977631092065,False
TDLC300-100__pa-mild,5.0,0,7,False,False,199.4707372417331,True,0.03839016652107241,False
TDLC300-100__pa-mild,5.0,0,8,False,False,176.75161495802578,True,0.027486664414405837,False
TDLC300-100__pa-mild,5.0,0,9,False,False,186.10999297421006,True,0.05050145208835599,False
TDLC300-100__pa-mild,5.0,0,10,False,False,195.61704766766448,True,0.025776008963584895,False
TDLC300-100__pa-mild,5.0,0,11,False,False,163.55914756022253,True,0.0244320486783981,False
TDLC300-100__pa-mild,5.0,1,0,False,False,160.97933823522746,True,0.075951014995575,True
TDLC300-100__pa-mild,5.0,1,1,False,False,164.6796338364075,True,0.041793543696403535,False
TDLC300-100__pa-mild,5.0,1,2,False,False,193.15477890492457,True,0.01756719243526461,False
TDLC300-100__pa-mild,5.0,1,3,False,False,165.59670964884216,True,0.05346773695945739,False
TDLC300-100__pa-mild,5.0,1,4,False,False,173.5623406970495,True,0.056953381657600444,False
TDLC300-100__pa-mild,5.0,1,5,False,False,174.35274034880638,True,0.040361871480941724,False
TDLC300-100__pa-mild,5.0,1,6,False,False,178.82226823249115,True,0.025075220942497256,False
TDLC300-100__pa-mild,5.0,1,7,False,False,164.87965371666837,True,0.042384297847747776,False
TDLC300-100__pa-mild,5.0,1,8,False,False,176.77662442883468,True,0.039065951228141715,False
TDLC300-100__pa-mild,5.0,1,9,False,False,192.6591328925136,True,0.030449283957481366,False
TDLC300-100__pa-mild,5.0,1,10,False,False,164.92565073238285,True,0.038559679627418464,False
TDLC300-100__pa-mild,5.0,1,11,False,False,196.57919038741844,True,0.05411743605136876,False
TDLC300-100__pa-mild,15.0,0,0,False,False,184.0410035676209,True,0.04329136133193967,False
TDLC300-100__pa-mild,15.0,0,1,False,False,166.79929508764715,True,0.03534158229827877,False
TDLC300-100__pa-mild,15.0,0,2,False,False,179.70916854421415,True,0.049398159861564594,False
TDLC300-100__pa-mild,15.0,0,3,False,False,157.47025351547015,True,0.02070947122573852,False
TDLC300-100__pa-mild,15.0,0,4,False,False,161.79717768945994,True,0.03748030436038974,False
TDLC300-100__pa-mild,15.0,0,5,False,False,162.99664047871357,True,0.054486232876777674,False
TDLC300-100__pa-mild,15.0,0,6,False,False,171.20871465190353,True,0.045602955818176305,False
TDLC300-100__pa-mild,15.0,0,7,False,False,193.86959695153917,True,0.03538081526756287,False
TDLC300-100__pa-mild,15.0,0,8,False,False,170.24444711307402,True,0.027914230108261107,False
TDLC300-100__pa-mild,15.0,0,9,False,False,178.83591356089232,True,0.041776959300041216,False
TDLC300-100__pa-mild,15.0,0,10,False,False,190.16061657148546,True,0.041283654570579476,False
TDLC300-100__pa-mild,15.0,0,11,False,False,159.50544895582354,True,0.04273931217193605,False
TDLC300-100__pa-mild,15.0,1,0,False,False,156.5680307110073,True,0.03808674192428585,False
TDLC300-100__pa-mild,15.0,1,1,False,False,156.98374337316673,True,0.04481339323520661,False
TDLC300-100__pa-mild,15.0,1,2,False,False,189.82571756675037,True,0.052266100883483824,False
TDLC300-100__pa-mild,15.0,1,3,False,False,158.91915512827134,True,0.02522841024398803,False
TDLC300-100__pa-mild,15.0,1,4,False,False,164.75489354406037,True,0.039512951254844664,False
TDLC300-100__pa-mild,15.0,1,5,False,False,170.5680068652495,True,0.042451364636421185,False
TDLC300-100__pa-mild,15.0,1,6,False,False,173.9960484313547,True,0.034387393474578865,False
TDLC300-100__pa-mild,15.0,1,7,False,False,157.93560078089487,True,0.036409951329231194,False
TDLC300-100__pa-mild,15.0,1,8,False,False,173.48177210642106,True,0.05084263241291043,False
TDLC300-100__pa-mild,15.0,1,9,False,False,185.72724671455094,True,0.019896593332290657,False
TDLC300-100__pa-mild,15.0,1,10,False,False,156.94570409401675,True,0.037018000125884964,False
TDLC300-100__pa-mild,15.0,1,11,False,False,191.439915276828,True,0.04130535042285921,False
TDLC300-100__pa-mild,25.0,0,0,False,False,184.91408861110742,True,0.028460602402686996,False
TDLC300-100__pa-mild,25.0,0,1,False,False,168.37707402030472,True,0.0025903176069260736,False
TDLC300-100__pa-mild,25.0,0,2,False,False,179.44065017632155,True,0.019303694367408752,False
TDLC300-100__pa-mild,25.0,0,3,False,False,158.35078194404886,True,0.02278898298740384,False
TDLC300-100__pa-mild,25.0,0,4,False,False,162.70350426124324,True,0.03038786518573755,False
TDLC300-100__pa-mild,25.0,0,5,False,False,162.37631490965734,True,0.007316015362739514,False
TDLC300-100__pa-mild,25.0,0,6,False,False,170.7279032485609,True,0.02081074357032775,False
TDLC300-100__pa-mild,25.0,0,7,False,False,194.62480730593953,True,0.02381998872756952,False
TDLC300-100__pa-mild,25.0,0,8,False,False,171.4214318172477,True,0.025068394899368296,False
TDLC300-100__pa-mild,25.0,0,9,False,False,180.1992932234184,True,0.009204441547393749,False
TDLC300-100__pa-mild,25.0,0,10,False,False,191.76892006196616,True,0.01044857442378988,False
TDLC300-100__pa-mild,25.0,0,11,False,False,159.22247741460876,True,0.014886554837226784,False
TDLC300-100__pa-mild,25.0,1,0,False,False,160.32973367794153,True,0.00934620630741112,False
TDLC300-100__pa-mild,25.0,1,1,False,False,158.50198135319422,True,0.009122887969016946,False
TDLC300-100__pa-mild,25.0,1,2,False,False,189.83225562484955,True,0.02578774297237396,False
TDLC300-100__pa-mild,25.0,1,3,False,False,160.31693494970384,True,0.016653261065483038,False
TDLC300-100__pa-mild,25.0,1,4,False,False,164.47184312366792,True,0.015674795389175378,False
TDLC300-100__pa-mild,25.0,1,5,False,False,169.88635661703506,True,0.02528768908977508,False
TDLC300-100__pa-mild,25.0,1,6,False,False,175.66197579491103,True,0.01713539993762969,False
TDLC300-100__pa-mild,25.0,1,7,False,False,160.47605585180196,True,0.02299669027328488,False
TDLC300-100__pa-mild,25.0,1,8,False,False,171.6677373856635,True,0.025264004468917856,False
TDLC300-100__pa-mild,25.0,1,9,False,False,185.85234316476692,True,0.01825139832496636,False
TDLC300-100__pa-mild,25.0,1,10,False,False,157.75680574212228,True,0.013114778995513832,False
TDLC300-100__pa-mild,25.0,1,11,False,False,190.00835584840976,True,0.024916658759117083,False
TDLC300-100__pa-moderate,5.0,0,0,False,False,189.90570466607312,True,0.08996409940719607,True
TDLC300-100__pa-moderate,5.0,0,1,False,False,173.26017648975045,True,0.0652298661470413,False
TDLC300-100__pa-moderate,5.0,0,2,False,False,187.4143599354819,True,0.08157811462879183,True
TDLC300-100__pa-moderate,5.0,0,3,False,False,164.71850383057807,True,0.0470711871385574,False
TDLC300-100__pa-moderate,5.0,0,4,False,False,167.93892463047163,True,0.0441351063251495,False
TDLC300-100__pa-moderate,5.0,0,5,False,False,168.176682210798,True,0.05759461879730221,False
TDLC300-100__pa-moderate,5.0,0,6,False,False,178.33957028321922,True,0.07698314380645754,True
TDLC300-100__pa-moderate,5.0,0,7,False,False,202.58361488550776,True,0.06844613230228425,True
TDLC300-100__pa-moderate,5.0,0,8,False,False,177.91684738278377,True,0.04870596921443937,False
TDLC300-100__pa-moderate,5.0,0,9,False,False,186.01384486811975,True,0.06207880091667173,False
TDLC300-100__pa-moderate,5.0,0,10,False,False,197.98715443250003,True,0.059297610759735164,False
TDLC300-100__pa-moderate,5.0,0,11,False,False,166.5583648501268,True,0.07085505580902107,True
TDLC300-100__pa-moderate,5.0,1,0,False,False,162.39935585613895,True,0.08558736538887024,True
TDLC300-100__pa-moderate,5.0,1,1,False,False,164.75695922147688,True,0.09016597032547002,True
TDLC300-100__pa-moderate,5.0,1,2,False,False,198.11246985332082,True,0.037741342544555634,False
TDLC300-100__pa-moderate,5.0,1,3,False,False,164.77651839129814,True,0.0840846148729325,True
TDLC300-100__pa-moderate,5.0,1,4,False,False,172.68129865598468,True,0.07145425224304203,True
TDLC300-100__pa-moderate,5.0,1,5,False,False,176.2222528740033,True,0.061058735728263924,False
TDLC300-100__pa-moderate,5.0,1,6,False,False,181.9691919746534,True,0.047381307363510095,False
TDLC300-100__pa-moderate,5.0,1,7,False,False,164.67768608485,True,0.06947197854518894,True
TDLC300-100__pa-moderate,5.0,1,8,False,False,177.59657241930847,True,0.05232919979095463,False
TDLC300-100__pa-moderate,5.0,1,9,False,False,193.8450010781337,True,0.06895689904689795,True
TDLC300-100__pa-moderate,5.0,1,10,False,False,163.81581501542195,True,0.05931314051151282,False
TDLC300-100__pa-moderate,5.0,1,11,False,False,197.09406283313984,True,0.05961048114299772,False
TDLC300-100__pa-moderate,15.0,0,0,False,False,186.29336605843415,True,0.056420350313186596,False
TDLC300-100__pa-moderate,15.0,0,1,False,False,171.23764541320304,True,0.05073673427104952,False
TDLC300-100__pa-moderate,15.0,0,2,False,False,191.35222259471809,True,0.07440236496925356,True
TDLC300-100__pa-moderate,15.0,0,3,False,False,168.2151073002725,True,0.01860662460327145,False
TDLC300-100__pa-moderate,15.0,0,4,False,False,165.0635348229664,True,0.032875605583190914,False
TDLC300-100__pa-moderate,15.0,0,5,False,False,165.46405610478305,True,0.04750967550277707,False
TDLC300-100__pa-moderate,15.0,0,6,False,False,184.68820015652594,True,0.08384509277343755,True
TDLC300-100__pa-moderate,15.0,0,7,False,False,202.10350149572633,True,0.04389088642597194,False
TDLC300-100__pa-moderate,15.0,0,8,False,False,175.78326534468977,True,0.03715199315547946,False
TDLC300-100__pa-moderate,15.0,0,9,False,False,185.09533315617753,True,0.039873500347137436,False
TDLC300-100__pa-moderate,15.0,0,10,False,False,197.1146632848252,True,0.05241159188747402,False
TDLC300-100__pa-moderate,15.0,0,11,False,False,169.76875084394717,True,0.05067184269428249,False
TDLC300-100__pa-moderate,15.0,1,0,False,False,163.62039633490176,True,0.09873314523696908,True
TDLC300-100__pa-moderate,15.0,1,1,False,False,168.46062685329798,True,0.04659459948539735,False
TDLC300-100__pa-moderate,15.0,1,2,False,False,196.70581711653912,True,0.03310287976264947,False
TDLC300-100__pa-moderate,15.0,1,3,False,False,170.06929241969516,True,0.05538159191608427,False
TDLC300-100__pa-moderate,15.0,1,4,False,False,175.13341695309109,True,0.04959020996093744,False
TDLC300-100__pa-moderate,15.0,1,5,False,False,177.48043549752742,True,0.03642801308631893,False
TDLC300-100__pa-moderate,15.0,1,6,False,False,184.960542043967,True,0.045897944569587734,False
TDLC300-100__pa-moderate,15.0,1,7,False,False,166.51439455723664,True,0.037459328293800276,False
TDLC300-100__pa-moderate,15.0,1,8,False,False,178.33786750494323,True,0.043418815851211545,False
TDLC300-100__pa-moderate,15.0,1,9,False,False,195.3058908704141,True,0.047789468288421566,False
TDLC300-100__pa-moderate,15.0,1,10,False,False,164.09672546694452,True,0.043127867817878696,False
TDLC300-100__pa-moderate,15.0,1,11,False,False,203.88611819010407,True,0.07468748104572298,True
TDLC300-100__pa-moderate,25.0,0,0,False,False,215.87740629851166,True,0.165659878373146,True
TDLC300-100__pa-moderate,25.0,0,1,False,False,198.45502564780483,True,0.16809514760971067,True
TDLC300-100__pa-moderate,25.0,0,2,False,False,213.23368904102512,True,0.18855912518501283,True
TDLC300-100__pa-moderate,25.0,0,3,False,False,188.81072033155826,True,0.12596619760990135,True
TDLC300-100__pa-moderate,25.0,0,4,False,False,195.06521450243542,True,0.15130516588687892,True
TDLC300-100__pa-moderate,25.0,0,5,False,False,192.5973549467847,True,0.15154553949832916,True
TDLC300-100__pa-moderate,25.0,0,6,False,False,200.45715996569757,True,0.15903230381011957,True
TDLC300-100__pa-moderate,25.0,0,7,False,False,229.91118878611962,True,0.1879810180664062,True
TDLC300-100__pa-moderate,25.0,0,8,False,False,202.31543022893806,True,0.14556349170207972,True
TDLC300-100__pa-moderate,25.0,0,9,False,False,211.96981460843918,True,0.1890495448112488,True
TDLC300-100__pa-moderate,25.0,0,10,False,False,220.7749490779121,True,0.1427346487045288,True
TDLC300-100__pa-moderate,25.0,0,11,False,False,191.2990879938114,True,0.1739904334545136,True
TDLC300-100__pa-moderate,25.0,1,0,False,False,184.45912570299495,True,0.16040490972995758,True
TDLC300-100__pa-moderate,25.0,1,1,False,False,191.88737369465483,True,0.18383436942100528,True
TDLC300-100__pa-moderate,25.0,1,2,False,False,222.02159784100812,True,0.1600365403890609,True
TDLC300-100__pa-moderate,25.0,1,3,False,False,194.4094487175437,True,0.19905871820449828,True
TDLC300-100__pa-moderate,25.0,1,4,False,False,195.16101737493156,True,0.15292205417156213,True
TDLC300-100__pa-moderate,25.0,1,5,False,False,202.20448866715626,True,0.17802918076515195,True
TDLC300-100__pa-moderate,25.0,1,6,False,False,202.58267236362076,True,0.13080361354351044,True
TDLC300-100__pa-moderate,25.0,1,7,False,False,192.44023125576967,True,0.16766409039497376,True
TDLC300-100__pa-moderate,25.0,1,8,False,False,203.13743147586803,True,0.13695820200443265,True
TDLC300-100__pa-moderate,25.0,1,9,False,False,215.24472523170272,True,0.13139463722705835,True
TDLC300-100__pa-moderate,25.0,1,10,False,False,191.95288137287605,True,0.16811434996128083,True
TDLC300-100__pa-moderate,25.0,1,11,False,False,221.75193013385612,True,0.17589765810966496,True
TDLC300-100__pa-severe,5.0,0,0,False,False,192.36380352337548,True,0.11303517293930054,True
TDLC300-100__pa-severe,5.0,0,1,False,False,177.45754793824796,True,0.09430232322216037,True
TDLC300-100__pa-severe,5.0,0,2,False,False,187.97745693485467,True,0.08179126620292665,True
TDLC300-100__pa-severe,5.0,0,3,False,False,165.90598083470064,True,0.08450810611248016,True
TDLC300-100__pa-severe,5.0,0,4,False,False,168.89979233061894,True,0.05267553722858431,False
TDLC300-100__pa-severe,5.0,0,5,False,False,173.15708261742384,True,0.10768303954601288,True
TDLC300-100__pa-severe,5.0,0,6,False,False,177.2096247836343,True,0.09454893434047695,True
TDLC300-100__pa-severe,5.0,0,7,False,False,206.61656683332185,True,0.1257079660892486,True
TDLC300-100__pa-severe,5.0,0,8,False,False,178.81974175799093,True,0.0977730873823166,True
TDLC300-100__pa-severe,5.0,0,9,False,False,187.24420634271706,True,0.07985947358608247,True
TDLC300-100__pa-severe,5.0,0,10,False,False,200.53542535155364,True,0.0889740039110184,True
TDLC300-100__pa-severe,5.0,0,11,False,False,168.2934727108643,True,0.08764584815502174,True
TDLC300-100__pa-severe,5.0,1,0,False,False,165.2769688103687,True,0.11422819614410396,True
TDLC300-100__pa-severe,5.0,1,1,False,False,166.71895141670544,True,0.09023503363132479,True
TDLC300-100__pa-severe,5.0,1,2,False,False,202.20329330512857,True,0.10761898481845855,True
TDLC300-100__pa-severe,5.0,1,3,False,False,171.2166687649104,True,0.10260352492332458,True
TDLC300-100__pa-severe,5.0,1,4,False,False,173.0432156817972,True,0.08138119578361513,True
TDLC300-100__pa-severe,5.0,1,5,False,False,179.60052476954436,True,0.11744980275630945,True
TDLC300-100__pa-severe,5.0,1,6,False,False,181.57965851775307,True,0.08612952280044561,True
TDLC300-100__pa-severe,5.0,1,7,False,False,174.53719365624175,True,0.13241744899749752,True
TDLC300-100__pa-severe,5.0,1,8,False,False,179.21516012117755,True,0.06820229351520546,True
TDLC300-100__pa-severe,5.0,1,9,False,False,199.95364638278588,True,0.1034790242910385,True
TDLC300-100__pa-severe,5.0,1,10,False,False,166.09796027000908,True,0.06870982170104989,True
TDLC300-100__pa-severe,5.0,1,11,False,False,200.03592958320968,True,0.09701555550098429,True
TDLC300-100__pa-severe,15.0,0,0,False,False,195.36310062686954,True,0.11871684253215797,True
TDLC300-100__pa-severe,15.0,0,1,False,False,185.41441661921175,True,0.13343435227870937,True
TDLC300-100__pa-severe,15.0,0,2,False,False,194.43044695532294,True,0.13365520632266992,True
TDLC300-100__pa-severe,15.0,0,3,False,False,171.48167109023257,True,0.09402367794513711,True
TDLC300-100__pa-severe,15.0,0,4,False,False,175.51754913704275,True,0.09888596487045287,True
TDLC300-100__pa-severe,15.0,0,5,False,False,175.74223738030082,True,0.10772141492366794,True
TDLC300-100__pa-severe,15.0,0,6,False,False,185.62110616553684,True,0.13290757906436912,True
TDLC300-100__pa-severe,15.0,0,7,False,False,208.31382365659923,True,0.09726140832901009,True
TDLC300-100__pa-severe,15.0,0,8,False,False,184.66931252167092,True,0.10272407662868499,True
TDLC300-100__pa-severe,15.0,0,9,False,False,195.13993134631406,True,0.12373753309249869,True
TDLC300-100__pa-severe,15.0,0,10,False,False,206.4559971814165,True,0.1186658303737641,True
TDLC300-100__pa-severe,15.0,0,11,False,False,171.4129760941683,True,0.0957923703193665,True
TDLC300-100__pa-severe,15.0,1,0,False,False,167.01092712970416,True,0.12615436410903935,True
TDLC300-100__pa-severe,15.0,1,1,False,False,173.13705143736746,True,0.10685881257057195,True
TDLC300-100__pa-severe,15.0,1,2,False,False,205.77339325915648,True,0.12040558922290812,True
TDLC300-100__pa-severe,15.0,1,3,False,False,175.41143396874526,True,0.1496567027568817,True
TDLC300-100__pa-severe,15.0,1,4,False,False,177.8786841949221,True,0.09560988223552702,True
TDLC300-100__pa-severe,15.0,1,5,False,False,182.09571622599063,True,0.09695983660221097,True
TDLC300-100__pa-severe,15.0,1,6,False,False,187.12378555435302,True,0.08641561675071718,True
TDLC300-100__pa-severe,15.0,1,7,False,False,175.11505741362944,True,0.1292322927713394,True
TDLC300-100__pa-severe,15.0,1,8,False,False,184.5996357108265,True,0.07710926461219791,True
TDLC300-100__pa-severe,15.0,1,9,False,False,201.25939218933243,True,0.10983828592300415,True
TDLC300-100__pa-severe,15.0,1,10,False,False,171.1199108004542,True,0.08456543302536013,True
TDLC300-100__pa-severe,15.0,1,11,False,False,207.6902739225542,True,0.16282291519641878,True
TDLC300-100__pa-severe,25.0,0,0,False,True,273.04794994567794,True,0.5930473102331162,True
TDLC300-100__pa-severe,25.0,0,1,False,True,274.47872585334596,True,0.6683057701587677,True
TDLC300-100__pa-severe,25.0,0,2,False,True,290.59898270959263,True,0.7013480036258698,True
TDLC300-100__pa-severe,25.0,0,3,False,True,262.2278895283186,True,0.634976085782051,True
TDLC300-100__pa-severe,25.0,0,4,False,True,256.95758991278814,True,0.6150898694992066,True
TDLC300-100__pa-severe,25.0,0,5,False,True,265.70592813255325,True,0.6465128892660141,True
TDLC300-100__pa-severe,25.0,0,6,False,True,276.8449058229528,True,0.6561588832139968,True
TDLC300-100__pa-severe,25.0,0,7,False,True,295.2950243183451,True,0.6549574205875397,True
TDLC300-100__pa-severe,25.0,0,8,False,True,282.6917019407109,True,0.6805795392990113,True
TDLC300-100__pa-severe,25.0,0,9,False,True,279.22725144972384,True,0.6352221837043763,True
TDLC300-100__pa-severe,25.0,0,10,False,True,303.5924445933589,True,0.6803408224582672,True
TDLC300-100__pa-severe,25.0,0,11,False,True,256.3235889379291,True,0.610620698094368,True
TDLC300-100__pa-severe,25.0,1,0,False,True,263.0219734669899,True,0.6574894872903824,True
TDLC300-100__pa-severe,25.0,1,1,False,True,254.29816555847768,True,0.637610363125801,True
TDLC300-100__pa-severe,25.0,1,2,False,True,297.1796679481949,True,0.6583750022649765,True
TDLC300-100__pa-severe,25.0,1,3,False,True,271.55547597073615,True,0.6819636235237122,True
TDLC300-100__pa-severe,25.0,1,4,False,True,269.67956546415706,True,0.6634932732582092,True
TDLC300-100__pa-severe,25.0,1,5,False,True,272.4987083547248,True,0.6442843883037568,True
TDLC300-100__pa-severe,25.0,1,6,False,True,266.97459315128214,True,0.635277479171753,True
TDLC300-100__pa-severe,25.0,1,7,False,True,264.3737573517618,True,0.6593444244861603,True
TDLC300-100__pa-severe,25.0,1,8,False,True,277.81158671392274,True,0.6671168526411057,True
TDLC300-100__pa-severe,25.0,1,9,False,True,293.0509854703094,True,0.6622102959156037,True
TDLC300-100__pa-severe,25.0,1,10,False,True,248.0839356382481,True,0.5865217843055726,True
TDLC300-100__pa-severe,25.0,1,11,False,True,299.690837566729,True,0.6829609849452972,True
TDLC300-100__pn-mild,5.0,0,0,False,False,186.73649486220936,True,0.06309662127494808,False
TDLC300-100__pn-mild,5.0,0,1,False,False,174.23896273853148,True,0.05213602328300482,False
TDLC300-100__pn-mild,5.0,0,2,False,False,185.4949400259495,True,0.051562748670577974,False
TDLC300-100__pn-mild,5.0,0,3,False,False,166.41947183826736,True,0.02155531156063073,False
TDLC300-100__pn-mild,5.0,0,4,False,False,164.32809395569814,True,0.007413101673126143,False
TDLC300-100__pn-mild,5.0,0,5,False,False,163.2583422212678,True,0.03256198525428766,False
TDLC300-100__pn-mild,5.0,0,6,False,False,174.71809444007883,True,0.055358357429504346,False
TDLC300-100__pn-mild,5.0,0,7,False,False,199.17341714965167,True,0.03742952632904051,False
TDLC300-100__pn-mild,5.0,0,8,False,False,178.7180922328932,True,0.04874963021278378,False
TDLC300-100__pn-mild,5.0,0,9,False,False,184.06647344108097,True,0.029811280369758553,False
TDLC300-100__pn-mild,5.0,0,10,False,False,192.92206788706355,True,0.012149508237838669,False
TDLC300-100__pn-mild,5.0,0,11,False,False,158.7851120265519,True,0.02253585910797118,False
TDLC300-100__pn-mild,5.0,1,0,False,False,159.28998513572418,True,0.05627377700805669,False
TDLC300-100__pn-mild,5.0,1,1,False,False,162.54977371465426,True,0.05513561856746674,False
TDLC300-100__pn-mild,5.0,1,2,False,False,196.39966836007846,True,0.024620902776718134,False
TDLC300-100__pn-mild,5.0,1,3,False,False,164.87763254744033,True,0.041338312387466436,False
TDLC300-100__pn-mild,5.0,1,4,False,False,167.21056027577237,True,0.027660322785377445,False
TDLC300-100__pn-mild,5.0,1,5,False,False,174.25524763447,True,0.03990039718151095,False
TDLC300-100__pn-mild,5.0,1,6,False,False,181.61533374347084,True,0.029990449070930514,False
TDLC300-100__pn-mild,5.0,1,7,False,False,164.81547308482433,True,0.029474475026130653,False
TDLC300-100__pn-mild,5.0,1,8,False,False,176.05240786106162,True,0.028219442963600128,False
TDLC300-100__pn-mild,5.0,1,9,False,False,189.21340532050772,True,0.013287977099418646,False
TDLC300-100__pn-mild,5.0,1,10,False,False,158.0097450591979,True,0.021830655574798574,False
TDLC300-100__pn-mild,5.0,1,11,False,False,191.01497513379604,True,0.04928009116649623,False
TDLC300-100__pn-mild,15.0,0,0,False,False,186.85644297107234,True,0.050278837800025955,False
TDLC300-100__pn-mild,15.0,0,1,False,False,168.14375820573096,True,0.051358586072921764,False
TDLC300-100__pn-mild,15.0,0,2,False,False,180.3434346353095,True,0.03499480688571932,False
TDLC300-100__pn-mild,15.0,0,3,False,False,158.27745610435872,True,0.020983207345008803,False
TDLC300-100__pn-mild,15.0,0,4,False,False,163.0437579660758,True,0.047367222905158934,False
TDLC300-100__pn-mild,15.0,0,5,False,False,161.6842071793899,True,0.02573499286174774,False
TDLC300-100__pn-mild,15.0,0,6,False,False,170.34628976675683,True,0.05488557887077328,False
TDLC300-100__pn-mild,15.0,0,7,False,False,193.75553892890287,True,0.03634683310985565,False
TDLC300-100__pn-mild,15.0,0,8,False,False,169.804957889123,True,0.03704075109958649,False
TDLC300-100__pn-mild,15.0,0,9,False,False,179.16313549389992,True,0.05040097022056578,False
TDLC300-100__pn-mild,15.0,0,10,False,False,190.4056084144871,True,0.03673362553119652,False
TDLC300-100__pn-mild,15.0,0,11,False,False,157.60576488876183,True,0.040041495800018256,False
TDLC300-100__pn-mild,15.0,1,0,False,False,155.37566935857694,True,0.04401183652877805,False
TDLC300-100__pn-mild,15.0,1,1,False,False,156.62567417390557,True,0.030803440332412668,False
TDLC300-100__pn-mild,15.0,1,2,False,False,189.14820614529535,True,0.03192861211299891,False
TDLC300-100__pn-mild,15.0,1,3,False,False,161.95007117618835,True,0.06034180617332463,False
TDLC300-100__pn-mild,15.0,1,4,False,False,163.28975888899743,True,0.0289452694654464,False
TDLC300-100__pn-mild,15.0,1,5,False,False,168.63282953893585,True,0.039886372327804565,False
TDLC300-100__pn-mild,15.0,1,6,False,False,174.12768948469383,True,0.04043633520603174,False
TDLC300-100__pn-mild,15.0,1,7,False,False,160.8967608733489,True,0.039654038667678804,False
TDLC300-100__pn-mild,15.0,1,8,False,False,172.028974688509,True,0.04717789804935457,False
TDLC300-100__pn-mild,15.0,1,9,False,False,185.8032080642103,True,0.03522392082214354,False
TDLC300-100__pn-mild,15.0,1,10,False,False,157.8671539953392,True,0.043048066377639804,False
TDLC300-100__pn-mild,15.0,1,11,False,False,189.25575304668047,True,0.03572893607616423,False
TDLC300-100__pn-mild,25.0,0,0,False,False,187.6003075635025,True,0.01996629166603081,False
TDLC300-100__pn-mild,25.0,0,1,False,False,170.70132872883502,True,0.0375864936113357,False
TDLC300-100__pn-mild,25.0,0,2,False,False,180.63362688489934,True,0.02672457277774809,False
TDLC300-100__pn-mild,25.0,0,3,False,False,160.70628725688368,True,0.019248719573020878,False
TDLC300-100__pn-mild,25.0,0,4,False,False,162.1824704942971,True,0.01113672161102286,False
TDLC300-100__pn-mild,25.0,0,5,False,False,163.3163791744904,True,0.02888372635841363,False
TDLC300-100__pn-mild,25.0,0,6,False,False,171.6835385402938,True,0.02886534857749934,False
TDLC300-100__pn-mild,25.0,0,7,False,False,196.18651109022204,True,0.036733527064323424,False
TDLC300-100__pn-mild,25.0,0,8,False,False,172.85448745882553,True,0.028517601132392878,False
TDLC300-100__pn-mild,25.0,0,9,False,False,181.91617505256914,True,0.03368807542324059,False
TDLC300-100__pn-mild,25.0,0,10,False,False,197.00732675422432,True,0.03679302084445957,False
TDLC300-100__pn-mild,25.0,0,11,False,False,159.99731377965009,True,0.00572151064872739,False
TDLC300-100__pn-mild,25.0,1,0,False,False,161.556014072127,True,0.013387838006019503,False
TDLC300-100__pn-mild,25.0,1,1,False,False,159.77041103301565,True,0.035731899380683885,False
TDLC300-100__pn-mild,25.0,1,2,False,False,190.01914553612667,True,0.01672132134437554,False
TDLC300-100__pn-mild,25.0,1,3,False,False,159.91820046730084,True,0.025146014332771305,False
TDLC300-100__pn-mild,25.0,1,4,False,False,165.92204859416955,True,0.03407663762569424,False
TDLC300-100__pn-mild,25.0,1,5,False,False,172.0776043232101,True,0.025584153294563317,False
TDLC300-100__pn-mild,25.0,1,6,False,False,174.43471985252683,True,0.013577573418617206,False
TDLC300-100__pn-mild,25.0,1,7,False,False,163.20710840525086,True,0.044177397370338434,False
TDLC300-100__pn-mild,25.0,1,8,False,False,173.91422333095758,True,0.021810807704925494,False
TDLC300-100__pn-mild,25.0,1,9,False,False,187.26302165660093,True,0.014422197341918852,False
TDLC300-100__pn-mild,25.0,1,10,False,False,159.76753796781003,True,0.04316643023490907,False
TDLC300-100__pn-mild,25.0,1,11,False,False,195.80232673090816,True,0.03518995451927187,False
TDLC300-100__pn-moderate,5.0,0,0,False,False,187.6701506582342,True,0.06766932404041293,True
TDLC300-100__pn-moderate,5.0,0,1,False,False,172.18380190114286,True,0.04820214045047755,False
TDLC300-100__pn-moderate,5.0,0,2,False,False,183.9884015225047,True,0.03135439097881321,False
TDLC300-100__pn-moderate,5.0,0,3,False,False,165.18802571900423,True,0.049276664137840265,False
TDLC300-100__pn-moderate,5.0,0,4,False,False,166.44118965585042,True,0.015222114920616092,False
TDLC300-100__pn-moderate,5.0,0,5,False,False,167.35817950982,True,0.04522519004344938,False
TDLC300-100__pn-moderate,5.0,0,6,False,False,175.9538247463108,True,0.053770854592323336,False
TDLC300-100__pn-moderate,5.0,0,7,False,False,200.30233596327193,True,0.0403041399717331,False
TDLC300-100__pn-moderate,5.0,0,8,False,False,177.85228082277453,True,0.03248501634597778,False
TDLC300-100__pn-moderate,5.0,0,9,False,False,182.1842000361683,True,0.022217993378639167,False
TDLC300-100__pn-moderate,5.0,0,10,False,False,195.2597032259098,True,0.0520539610385895,False
TDLC300-100__pn-moderate,5.0,0,11,False,False,160.71727422483735,True,0.023207538127899108,False
TDLC300-100__pn-moderate,5.0,1,0,False,False,158.62729523593174,True,0.05363669586181641,False
TDLC300-100__pn-moderate,5.0,1,1,False,False,162.99196933017367,True,0.07415806770324707,True
TDLC300-100__pn-moderate,5.0,1,2,False,False,194.51340062272246,True,0.011474252223968473,False
TDLC300-100__pn-moderate,5.0,1,3,False,False,166.7314574286923,True,0.04300213754177096,False
TDLC300-100__pn-moderate,5.0,1,4,False,False,170.74309697963756,True,0.057218078017234775,False
TDLC300-100__pn-moderate,5.0,1,5,False,False,177.00011108148215,True,0.04346667885780331,False
TDLC300-100__pn-moderate,5.0,1,6,False,False,179.09369385840697,True,0.0063669652938842525,False
TDLC300-100__pn-moderate,5.0,1,7,False,False,164.7556982881531,True,0.04628429913520815,False
TDLC300-100__pn-moderate,5.0,1,8,False,False,176.35457669496,True,0.018089150190353398,False
TDLC300-100__pn-moderate,5.0,1,9,False,False,190.39485891567324,True,0.033408565282821656,False
TDLC300-100__pn-moderate,5.0,1,10,False,False,163.13018822656204,True,0.04113036143779758,False
TDLC300-100__pn-moderate,5.0,1,11,False,False,195.90969172546832,True,0.04941625714302067,False
TDLC300-100__pn-moderate,15.0,0,0,False,False,190.73631816558444,True,0.08538978266716002,True
TDLC300-100__pn-moderate,15.0,0,1,False,False,179.49863547263016,True,0.06748373973369604,True
TDLC300-100__pn-moderate,15.0,0,2,False,False,190.9775845797093,True,0.07720706474781036,True
TDLC300-100__pn-moderate,15.0,0,3,False,False,172.7994520049901,True,0.06881030249595643,True
TDLC300-100__pn-moderate,15.0,0,4,False,False,170.06542758367314,True,0.02867193424701686,False
TDLC300-100__pn-moderate,15.0,0,5,False,False,172.25910378536042,True,0.06899873185157779,True
TDLC300-100__pn-moderate,15.0,0,6,False,False,180.07271026773483,True,0.0693874002695084,True
TDLC300-100__pn-moderate,15.0,0,7,False,False,204.53906936182588,True,0.044944820523261986,False
TDLC300-100__pn-moderate,15.0,0,8,False,False,179.47944890322944,True,0.04145141458511348,False
TDLC300-100__pn-moderate,15.0,0,9,False,False,191.55753960513377,True,0.06866285955905915,True
TDLC300-100__pn-moderate,15.0,0,10,False,False,202.6540418429013,True,0.0653058018684387,False
TDLC300-100__pn-moderate,15.0,0,11,False,False,169.40952261523597,True,0.05329195582866664,False
TDLC300-100__pn-moderate,15.0,1,0,False,False,160.71255471798997,True,0.08047217047214505,True
TDLC300-100__pn-moderate,15.0,1,1,False,False,168.77123793655585,True,0.06410931384563445,False
TDLC300-100__pn-moderate,15.0,1,2,False,False,198.67025592365226,True,0.03672171747684472,False
TDLC300-100__pn-moderate,15.0,1,3,False,False,170.83028011498746,True,0.0759131307601929,True
TDLC300-100__pn-moderate,15.0,1,4,False,False,175.66843673209385,True,0.06804794347286225,True
TDLC300-100__pn-moderate,15.0,1,5,False,False,181.33552020549192,True,0.06989138293266295,True
TDLC300-100__pn-moderate,15.0,1,6,False,False,185.22968366202514,True,0.05702673304080963,False
TDLC300-100__pn-moderate,15.0,1,7,False,False,170.76751967308144,True,0.05799125623703005,False
TDLC300-100__pn-moderate,15.0,1,8,False,False,177.35105668321168,True,0.03016398489475247,False
TDLC300-100__pn-moderate,15.0,1,9,False,False,189.3801022254224,True,0.03441958308219906,False
TDLC300-100__pn-moderate,15.0,1,10,False,False,166.4684411040723,True,0.07127055680751804,True
TDLC300-100__pn-moderate,15.0,1,11,False,False,202.25588244476265,True,0.06275670409202572,False
TDLC300-100__pn-moderate,25.0,0,0,False,True,239.72933569563534,True,0.4720436199903488,True
TDLC300-100__pn-moderate,25.0,0,1,False,True,231.5864926147389,True,0.5136524109840392,True
TDLC300-100__pn-moderate,25.0,0,2,False,True,250.95269396277027,True,0.5575558629035949,True
TDLC300-100__pn-moderate,25.0,0,3,False,True,219.28294689323042,True,0.511458837389946,True
TDLC300-100__pn-moderate,25.0,0,4,False,True,222.6350504973085,True,0.48510377955436706,True
TDLC300-100__pn-moderate,25.0,0,5,False,True,223.62875476788645,True,0.4921732707023621,True
TDLC300-100__pn-moderate,25.0,0,6,False,True,224.11146616061365,True,0.47524567103385923,True
TDLC300-100__pn-moderate,25.0,0,7,False,True,254.7847653011956,True,0.4922435731887817,True
TDLC300-100__pn-moderate,25.0,0,8,False,True,235.33674817123335,True,0.5148538390398025,True
TDLC300-100__pn-moderate,25.0,0,9,False,True,246.15033821286048,True,0.5221458564996719,True
TDLC300-100__pn-moderate,25.0,0,10,False,True,257.13877171709055,True,0.5222287598848343,True
TDLC300-100__pn-moderate,25.0,0,11,False,True,220.12543763387058,True,0.5101145269870757,True
TDLC300-100__pn-moderate,25.0,1,0,False,True,218.66331826823605,True,0.5247418255805969,True
TDLC300-100__pn-moderate,25.0,1,1,False,True,217.91174562320853,True,0.4902837935686111,True
TDLC300-100__pn-moderate,25.0,1,2,False,True,246.83689893461363,True,0.47476936960220334,True
TDLC300-100__pn-moderate,25.0,1,3,False,True,221.7163980144365,True,0.5086400094032288,True
TDLC300-100__pn-moderate,25.0,1,4,False,True,227.62196224804526,True,0.5081615189313888,True
TDLC300-100__pn-moderate,25.0,1,5,False,True,229.90675519042432,True,0.49909438025951386,True
TDLC300-100__pn-moderate,25.0,1,6,False,True,232.8828229523283,True,0.4896264278888703,True
TDLC300-100__pn-moderate,25.0,1,7,False,True,223.31664122729543,True,0.5177122170925141,True
TDLC300-100__pn-moderate,25.0,1,8,False,True,230.0095894857393,True,0.47074837756156923,True
TDLC300-100__pn-moderate,25.0,1,9,False,True,250.4848286821232,True,0.5006485425233842,True
TDLC300-100__pn-moderate,25.0,1,10,False,True,215.8783189193816,True,0.4860815360546112,True
TDLC300-100__pn-moderate,25.0,1,11,False,True,249.10803885863106,True,0.4889252487421036,True
TDLC300-100__pn-severe,5.0,0,0,False,False,189.26085490063986,True,0.09114927601814271,True
TDLC300-100__pn-severe,5.0,0,1,False,False,174.7427499483512,True,0.08519869565963745,True
TDLC300-100__pn-severe,5.0,0,2,False,False,186.8193213539628,True,0.08106899929046629,True
TDLC300-100__pn-severe,5.0,0,3,False,False,166.91586573349602,True,0.07632051157951358,True
TDLC300-100__pn-severe,5.0,0,4,False,False,167.4043687836599,True,0.051101919293403575,False
TDLC300-100__pn-severe,5.0,0,5,False,False,169.11128635715858,True,0.0766489750146866,True
TDLC300-100__pn-severe,5.0,0,6,False,False,177.5179963645789,True,0.08111391592025763,True
TDLC300-100__pn-severe,5.0,0,7,False,False,203.7709263099645,True,0.08926800715923311,True
TDLC300-100__pn-severe,5.0,0,8,False,False,178.37906505886485,True,0.048742717146873504,False
TDLC300-100__pn-severe,5.0,0,9,False,False,186.97058641845146,True,0.08245316278934478,True
TDLC300-100__pn-severe,5.0,0,10,False,False,199.53556963169467,True,0.057321779251098604,False
TDLC300-100__pn-severe,5.0,0,11,False,False,166.1174664050779,True,0.08912889838218696,True
TDLC300-100__pn-severe,5.0,1,0,False,False,160.42030091110374,True,0.08796728706359869,True
TDLC300-100__pn-severe,5.0,1,1,False,False,165.77436772730067,True,0.08947788774967202,True
TDLC300-100__pn-severe,5.0,1,2,False,False,196.2183895558582,True,0.05444500029087063,False
TDLC300-100__pn-severe,5.0,1,3,False,False,164.5544872409232,True,0.07147474575042723,True
TDLC300-100__pn-severe,5.0,1,4,False,False,170.3343014304934,True,0.05975058972835545,False
TDLC300-100__pn-severe,5.0,1,5,False,False,174.48825708009426,True,0.05413365006446835,False
TDLC300-100__pn-severe,5.0,1,6,False,False,180.7566530481056,True,0.055053187251090985,False
TDLC300-100__pn-severe,5.0,1,7,False,False,167.84908834458744,True,0.08479555451869969,True
TDLC300-100__pn-severe,5.0,1,8,False,False,178.43756350400037,True,0.050830906867980974,False
TDLC300-100__pn-severe,5.0,1,9,False,False,191.90936727237928,True,0.057077542185783425,False
TDLC300-100__pn-severe,5.0,1,10,False,False,163.4167561043701,True,0.06812609112262724,True
TDLC300-100__pn-severe,5.0,1,11,False,False,195.98859401713935,True,0.06743651902675629,True
TDLC300-100__pn-severe,15.0,0,0,False,False,206.55415245344832,True,0.310506383061409,True
TDLC300-100__pn-severe,15.0,0,1,False,False,193.71267208111942,True,0.34600893199443816,True
TDLC300-100__pn-severe,15.0,0,2,False,False,205.60314008372433,True,0.36168189537525186,True
TDLC300-100__pn-severe,15.0,0,3,False,False,182.62614349418948,True,0.3067213419675827,True
TDLC300-100__pn-severe,15.0,0,4,False,False,185.40284015600412,True,0.28442947733402246,True
TDLC300-100__pn-severe,15.0,0,5,False,False,179.03095590402643,True,0.2608563491106033,True
TDLC300-100__pn-severe,15.0,0,6,False,False,193.45680564059782,True,0.3230919781923294,True
TDLC300-100__pn-severe,15.0,0,7,False,False,220.83981303378374,True,0.3210714221000671,True
TDLC300-100__pn-severe,15.0,0,8,False,False,196.56972157030538,True,0.3086702157258987,True
TDLC300-100__pn-severe,15.0,0,9,False,False,204.81559228018597,True,0.33366472661495217,True
TDLC300-100__pn-severe,15.0,0,10,False,False,218.08432026571901,True,0.31949893689155584,True
TDLC300-100__pn-severe,15.0,0,11,False,False,181.64245456690387,True,0.31481782281398774,True
TDLC300-100__pn-severe,15.0,1,0,False,False,183.0563344964875,True,0.34853797447681434,True
TDLC300-100__pn-severe,15.0,1,1,False,False,179.47510565192928,True,0.27608612501621244,True
TDLC300-100__pn-severe,15.0,1,2,False,False,207.6068594451244,True,0.27012271142005917,True
TDLC300-100__pn-severe,15.0,1,3,False,False,191.5383574662788,True,0.36979382288455953,True
TDLC300-100__pn-severe,15.0,1,4,False,False,188.10945238654753,True,0.30236286568641657,True
TDLC300-100__pn-severe,15.0,1,5,False,False,196.0385876097217,True,0.3339610273838044,True
TDLC300-100__pn-severe,15.0,1,6,False,True,203.3979618865765,True,0.3538345239162446,True
TDLC300-100__pn-severe,15.0,1,7,False,False,184.87191001767363,True,0.3294558874368668,True
TDLC300-100__pn-severe,15.0,1,8,False,False,194.49837051680475,True,0.28392796254158015,True
TDLC300-100__pn-severe,15.0,1,9,False,False,206.8331306481381,True,0.3014308897256851,True
TDLC300-100__pn-severe,15.0,1,10,False,False,176.8685642780851,True,0.2812562916278839,True
TDLC300-100__pn-severe,15.0,1,11,False,False,220.69809981414036,True,0.3500064866542817,True
TDLC300-100__pn-severe,25.0,0,0,False,True,347.1721506609598,True,0.8860460752248763,True
TDLC300-100__pn-severe,25.0,0,1,False,True,338.3090072000143,True,0.9010020872354507,True
TDLC300-100__pn-severe,25.0,0,2,False,True,354.0662089675553,True,0.9116139339208603,True
TDLC300-100__pn-severe,25.0,0,3,False,True,323.26201892718626,True,0.8874626573324204,True
TDLC300-100__pn-severe,25.0,0,4,False,True,323.93412135074567,True,0.8762037551403045,True
TDLC300-100__pn-severe,25.0,0,5,False,True,329.82711106739623,True,0.8925149770975113,True
TDLC300-100__pn-severe,25.0,0,6,False,True,341.3728330112581,True,0.8939127274751663,True
TDLC300-100__pn-severe,25.0,0,7,False,True,359.3433810665449,True,0.8891417316198349,True
TDLC300-100__pn-severe,25.0,0,8,False,True,340.40251374478953,True,0.8944440634250641,True
TDLC300-100__pn-severe,25.0,0,9,False,True,346.98866966562076,True,0.8930483176708222,True
TDLC300-100__pn-severe,25.0,0,10,False,True,358.95955890880026,True,0.899317500948906,True
TDLC300-100__pn-severe,25.0,0,11,False,True,330.693720158436,True,0.898784115076065,True
TDLC300-100__pn-severe,25.0,1,0,False,True,324.3032360728533,True,0.8988409843444825,True
TDLC300-100__pn-severe,25.0,1,1,False,True,323.88849039014116,True,0.8837882747650146,True
TDLC300-100__pn-severe,25.0,1,2,False,True,355.52064684474004,True,0.8905329519510269,True
TDLC300-100__pn-severe,25.0,1,3,False,True,327.7733548690771,True,0.8970637960433959,True
TDLC300-100__pn-severe,25.0,1,4,False,True,331.39216049549407,True,0.8933697024583817,True
TDLC300-100__pn-severe,25.0,1,5,False,True,340.1591185792605,True,0.8997837362289428,True
TDLC300-100__pn-severe,25.0,1,6,False,True,339.0222961539797,True,0.8867313975095749,True
TDLC300-100__pn-severe,25.0,1,7,False,True,331.7262516048792,True,0.8991701291799545,True
TDLC300-100__pn-severe,25.0,1,8,False,True,339.87781650946744,True,0.890893458366394,True
TDLC300-100__pn-severe,25.0,1,9,False,True,356.8911136881234,True,0.9053245540857315,True
TDLC300-100__pn-severe,25.0,1,10,False,True,321.6268101478402,True,0.882739444732666,True
TDLC300-100__pn-severe,25.0,1,11,False,True,360.1158189599852,True,0.8979016860723495,True
